pnode_id,service_territory,zone,name,type,voltage,latitude,longitude,location,,,
48592,PUBLIC SERVICE ELEC & GAS CO,PSEG,ALDENE,LOAD,230 KV,40.66,-74.27,Roselle/Cranford Area,,,
48603,PUBLIC SERVICE ELEC & GAS CO,PSEG,BELLEVIL,LOAD,230 KV,40.792,-74.145,Belleville,,,
48605,PUBLIC SERVICE ELEC & GAS CO,PSEG,BENNETTS,LOAD,230 KV,40.74,-74.048,Original Data Preserved,,,
48612,PUBLIC SERVICE ELEC & GAS CO,PSEG,BRIDGEWA,LOAD,230 KV,40.59,-74.62,Bridgewater,,,
48621,PUBLIC SERVICE ELEC & GAS CO,PSEG,CLIF PS,LOAD,230 KV,40.85,-74.15,Clifton,,,
48645,PUBLIC SERVICE ELEC & GAS CO,PSEG,GREENBRO,LOAD,230 KV,40.6,-74.48,Green Brook,,,
48647,PUBLIC SERVICE ELEC & GAS CO,PSEG,HAWTHORN,LOAD,230 KV,40.95,-74.15,Hawthorne,,,
48648,PUBLIC SERVICE ELEC & GAS CO,PSEG,HILLSDAL,LOAD,230 KV,41,-74.04,Hillsdale,,,
48652,PUBLIC SERVICE ELEC & GAS CO,PSEG,HOBOKEN,LOAD,230 KV,40.74,-74.03,Hoboken,,,
48660,PUBLIC SERVICE ELEC & GAS CO,PSEG,KILMER,LOAD,230 KV,40.5,-74.43,Edison/Piscataway (Camp Kilmer area),,,
48665,PUBLIC SERVICE ELEC & GAS CO,PSEG,KINGSLAN,LOAD,230 KV,40.8,-74.1,Lyndhurst (Kingsland),,,
48676,PUBLIC SERVICE ELEC & GAS CO,PSEG,LEONIA,LOAD,230 KV,40.86,-73.99,Leonia,,,
48681,PUBLIC SERVICE ELEC & GAS CO,PSEG,LAKENELS,LOAD,230 KV,40.55,-74.45,Piscataway (Lake Nelson),,,
48687,PUBLIC SERVICE ELEC & GAS CO,PSEG,MINUEST,LOAD,230 KV,40.58,-74.22,Carteret (Minue St),,,
48707,PUBLIC SERVICE ELEC & GAS CO,PSEG,NEWP PS,LOAD,230 KV,40.72,-74.03,Jersey City (Newport),,,
48715,PUBLIC SERVICE ELEC & GAS CO,PSEG,PENHORN,LOAD,230 KV,40.78,-74.05,Secaucus/North Bergen,,,
48727,PUBLIC SERVICE ELEC & GAS CO,PSEG,SOMERVIL,LOAD,230 KV,40.57,-74.6,Somerville,,,
48744,PUBLIC SERVICE ELEC & GAS CO,PSEG,WALDWICK,LOAD,230 KV,41,-74.12,Waldwick,,,
48747,PUBLIC SERVICE ELEC & GAS CO,PSEG,WARINANC,LOAD,230 KV,40.65,-74.23,Roselle (Warinanco Park area),,,
48751,PUBLIC SERVICE ELEC & GAS CO,PSEG,BEAVERBR,LOAD,230 KV,40.73,-74.04,Original Data Preserved,,,
48765,PUBLIC SERVICE ELEC & GAS CO,PSEG,CLARKSVI,LOAD,230 KV,40.29,-74.68,Clarksville (Lawrence Twp),,,
48773,PUBLIC SERVICE ELEC & GAS CO,PSEG,DEPTFORD,LOAD,230 KV,39.883,-75.15,Deptford,,,
48784,PUBLIC SERVICE ELEC & GAS CO,PSEG,KUSERRD,LOAD,230 KV,40.2,-74.68,Hamilton (Kuser Rd),,,
48792,PUBLIC SERVICE ELEC & GAS CO,PSEG,LAWRESUB,LOAD,230 KV,40.28,-74.73,Lawrenceville,,,
48800,PUBLIC SERVICE ELEC & GAS CO,PSEG,LUMBERTO,LOAD,230 KV,39.96,-74.8,Lumberton,,,
48802,PUBLIC SERVICE ELEC & GAS CO,PSEG,MARLTON,LOAD,230 KV,39.89,-74.92,Marlton,,,
48806,PUBLIC SERVICE ELEC & GAS CO,PSEG,MERCER,LOAD,230 KV,40.2,-74.7,Hamilton (Mercer Gen Station),,,
48808,PUBLIC SERVICE ELEC & GAS CO,PSEG,MTLAUREL,LOAD,230 KV,39.93,-74.89,Mount Laurel,,,
48813,PUBLIC SERVICE ELEC & GAS CO,PSEG,THOROFAR,LOAD,230 KV,39.84,-75.18,Thorofare,,,
48862,PECO ENERGY CO,PECO,CHICHEST,LOAD,230 KV,39.83,-75.42,Chichester (Refinery Area),,,
48865,PECO ENERGY CO,PECO,COCHRNVL,LOAD,230 KV,39.88,-75.92,Cochranville (Chester Co),,,
48880,PECO ENERGY CO,PECO,DALESVIL,LOAD,230 KV,39.88,-75.8,Londonderry / Daleville,,,
48934,PECO ENERGY CO,PECO,JENNERVL,LOAD,230 KV,39.82,-75.85,Jennersville (Penn Twp),,,
48947,COMMONWEALTH EDISON CO,COMED,LOMBARD,EHV,345 KV,41.88,-88.01,"Lombard, IL",,,
48970,PECO ENERGY CO,PECO,NESHAMIN,LOAD,138 KV,40.25,-75.1,Warrington (Neshaminy),,,
49011,PPL ELECTRIC UTILITIES CORP,PECO,SAVILLE,LOAD,138 KV,40.35,-77.4,Saville Twp (Perry Co),,,
49030,PECO ENERGY CO,PECO,TRAINER,LOAD,230 KV,39.83,-75.4,Trainer (Refinery Complex),,,
49052,PECO ENERGY CO,PECO,WHITEMAR,LOAD,230 KV,40.1,-75.25,Whitemarsh / Plymouth Meeting,,,
49060,PECO ENERGY CO,PECO,WAYNEJCT,LOAD,230 KV,40.02,-75.16,Philadelphia (Nicetown/Septa),,,
49069,METROPOLITAN EDISON CO,PPL,BRUNNERI,LOAD,230 KV,40.1,-76.75,Brunner Island (Gen Station),,,
49127,JERSEY CENTRAL POWER & LT CO,PPL,MARTINSC,LOAD,230 KV,40.78,-75.12,Martins Creek (Gen Station),,,
49130,PPL ELECTRIC UTILITIES CORP,PPL,MONTOUR,LOAD,230 KV,41.07,-76.66,Montour (Gen Station),,,
49156,PPL ELECTRIC UTILITIES CORP,PPL,STEELTON,LOAD,230 KV,40.22,-76.82,Steelton (ArcelorMittal),,,
49165,PPL ELECTRIC UTILITIES CORP,PPL,SUSQUEHA,LOAD,230 KV,41.09,-76.15,Susquehanna (Nuclear Plant),,,
49166,PPL ELECTRIC UTILITIES CORP,PPL,SUSQT10,LOAD,230 KV,41.09,-76.15,Susquehanna (Gen Tap),,,
49178,SOUTHERN MARYLAND ELEC COOP INC,BGE,CALVERTC,LOAD,500 KV,38.429,-76.441,Lusby (Calvert Cliffs Nuclear),,,
49200,BALTIMORE GAS & ELECTRIC CO,BGE,EASTPT,LOAD,34 KV,39.29,-76.51,Dundalk (Eastpoint Mall Area),,,
49233,BALTIMORE GAS & ELECTRIC CO,BGE,HOWARD,LOAD,230 KV,39.25,-76.82,Ellicott City / Columbia,,,
49233,OHIO POWER CO,AEP,HOWARD,LOAD,138 KV,41.05,-83.45,"Tiffin Area, OH",,,
49241,BALTIMORE GAS & ELECTRIC CO,BGE,JERICHOP,LOAD,230 KV,39,-76.75,Bowie (Jericho Park),,,
49286,POTOMAC ELECTRIC POWER CO,BGE,SANDYSPG,LOAD,34 KV,39.15,-77.03,Sandy Spring / Olney,,,
49293,BALTIMORE GAS & ELECTRIC CO,BGE,WAGNER,LOAD,34 KV,39.177,-76.528,Brandon Shores (Wagner Gen Station),,,
49312,JERSEY CENTRAL POWER & LT CO,JCPL,DOTWWHAR,LOAD,230 KV,40.9,-74.58,Wharton / Rockaway (DOT West Wharton),,,
49315,JERSEY CENTRAL POWER & LT CO,JCPL,ELASTIMO,LOAD,230 KV,40.65,-74.68,Bedminster (East Lamington),,,
49327,JERSEY CENTRAL POWER & LT CO,JCPL,GILLETTE,LOAD,230 KV,40.68,-74.47,Long Hill Twp (Gillette),,,
49337,JERSEY CENTRAL POWER & LT CO,JCPL,GREYSTON,LOAD,230 KV,40.83,-74.48,Parsippany (Greystone Park),,,
49347,JERSEY CENTRAL POWER & LT CO,JCPL,MORRISTO,LOAD,230 KV,40.79,-74.47,Morristown,,,
49358,JERSEY CENTRAL POWER & LT CO,JCPL,SUMM JC,LOAD,230 KV,40.72,-74.35,Summit,,,
49360,JERSEY CENTRAL POWER & LT CO,JCPL,TRAYNOR,LOAD,230 KV,40.62,-74.52,Warren Twp (Traynor),,,
49366,JERSEY CENTRAL POWER & LT CO,JCPL,WHIPPANY,LOAD,230 KV,40.82,-74.4,Hanover Twp (Whippany),,,
49378,JERSEY CENTRAL POWER & LT CO,JCPL,FRENEAU,LOAD,230 KV,40.4,-74.25,Matawan / Aberdeen (Freneau),,,
49382,JERSEY CENTRAL POWER & LT CO,JCPL,LARRABEE,LOAD,230 KV,40.15,-74.18,Howell Twp (Major Hub),,,
49388,JERSEY CENTRAL POWER & LT CO,JCPL,LEISUREV,LOAD,230 KV,40.05,-74.15,Lakewood / Brick (Leisure Village),,,
49393,JERSEY CENTRAL POWER & LT CO,JCPL,MANITOU,LOAD,230 KV,39.96,-74.22,Toms River (Manitou Park),,,
49395,JERSEY CENTRAL POWER & LT CO,JCPL,NEJESCO,LOAD,230 KV,40.28,-74.1,Tinton Falls (Earle Naval Area),,,
49398,JERSEY CENTRAL POWER & LT CO,JCPL,NJTABERD,LOAD,230 KV,40.42,-74.22,Aberdeen (NJ Transit Feed),,,
49400,JERSEY CENTRAL POWER & LT CO,JCPL,NJTREDBA,LOAD,230 KV,40.35,-74.07,Red Bank (NJ Transit Feed),,,
49404,JERSEY CENTRAL POWER & LT CO,JCPL,OYSTERCR,LOAD,230 KV,39.81,-74.2,Forked River (Former Nuclear Site),,,
49406,JERSEY CENTRAL POWER & LT CO,JCPL,REDBAJCT,LOAD,230 KV,40.33,-74.08,Red Bank / Shrewsbury,,,
49425,COMMONWEALTH EDISON CO,COMED,COLLINS,GEN,138 KV,41.35,-88.35,Morris (Gen Station),,,
49428,METROPOLITAN EDISON CO,METED,FOXHILL,LOAD,230 KV,40.35,-75.95,Reading (Muhlenberg Twp),,,
49460,JERSEY CENTRAL POWER & LT CO,METED,NORTHWOO,LOAD,230 KV,40.7,-75.2,Easton / Palmer Twp,,,
49484,METROPOLITAN EDISON CO,METED,TMI,LOAD,230 KV,40.15,-76.72,Middletown (Three Mile Island),,,
49504,CLEVELAND ELECTRIC ILLUM CO,ATSI,BEDFORD,LOAD,138 KV,41.39,-81.53,"Bedford Heights, OH",,,
49509,PENNSYLVANIA ELECTRIC CO,PENELEC,BROOKVIL,LOAD,138 KV,41.15,-79.08,Brookville (Jefferson Co),,,
49546,PENNSYLVANIA ELECTRIC CO,PENELEC,ERIEE,LOAD,230 KV,42.12,-80.05,Erie (East Side),,,
49547,PENNSYLVANIA ELECTRIC CO,PENELEC,ERIES,LOAD,230 KV,42.08,-80.08,Erie (South Side),,,
49591,PENNSYLVANIA ELECTRIC CO,PENELEC,LEWISRN,LOAD,230 KV,41.95,-78.65,Bradford Area (Lewis Run),,,
49623,COMMONWEALTH EDISON CO,COMED,PROSPECT,LOAD,138 KV,42.06,-87.93,"Mt Prospect, IL",,,
49626,PENNSYLVANIA ELECTRIC CO,PENELEC,QUEMAHON,LOAD,230 KV,40.15,-79.08,Somerset / Quemahoning,,,
49683,OHIO EDISON CO,ATSI,WARREN,LOAD,138 KV,41.23,-80.81,"Warren, OH",,,
49693,PENNSYLVANIA ELECTRIC CO,PENELEC,YEAGERTO,LOAD,230 KV,40.62,-77.56,Yeagertown / Lewistown,,,
49789,OHIO EDISON CO,ATSI,BERLIN,LOAD,138 KV,41.02,-80.93,"Berlin Lake Area, OH",,,
49853,ATLANTIC CITY ELECTRIC CO,AECO,UNION,LOAD,138 KV,39.4,-75.04,Millville (Union Lake),,,
49882,DELMARVA POWER,DPL,CHURCTAP,LOAD,138 KV,39.14,-76,"Church Hill, MD",,,
49890,DELMARVA POWER,DPL,CLAYTON,LOAD,138 KV,39.29,-75.63,"Clayton / Smyrna, DE",,,
49900,OHIO EDISON CO,ATSI,CULVER,LOAD,138 KV,41.48,-82.7,"Sandusky Area, OH",,,
49918,DELMARVA POWER,DPL,FRANKFOR,LOAD,138 KV,38.52,-75.23,"Frankford, DE",,,
49933,DELMARVA POWER,DPL,HILLSBRO,LOAD,138 KV,38.92,-75.94,"Hillsboro / Denton, MD",,,
49939,DELMARVA POWER,DPL,JONES,LOAD,138 KV,38.55,-75.3,Dagsboro / Millsboro Area,,,
49945,OHIO EDISON CO,ATSI,KENT,LOAD,138 KV,41.15,-81.35,"Kent, OH",,,
49966,DELMARVA POWER,DPL,MILFORD,LOAD,138 KV,38.91,-75.43,"Milford, DE",,,
49981,COMMONWEALTH EDISON CO,COMED,NELSON,EHV,345 KV,41.8,-89.6,Rock Falls / Nelson,,,
49981,DELMARVA POWER,DPL,NELSON,LOAD,138 KV,38.4,-75.55,"Salisbury / Hebron Area, MD",,,
49993,DELMARVA POWER,DPL,OCEANBAY,LOAD,138 KV,38.35,-75.1,"West Ocean City, MD",,,
50007,DELMARVA POWER,DPL,ROBINS,LOAD,138 KV,38.45,-76.05,"Cambridge / Dorchester Co, MD",,,
50013,DELMARVA POWER,DPL,ST138,LOAD,138 KV,39.7,-75.55,Wilmington Area (Generic),,,
50024,COMMONWEALTH EDISON CO,COMED,TAYLOR,LOAD,138 KV,41.86,-87.64,Chicago (Near West Side),,,
50028,DELMARVA POWER,DPL,TOWNSEND,LOAD,138 KV,39.4,-75.7,"Townsend, DE",,,
50630,PPL ELECTRIC UTILITIES CORP,PPL,NAMPTON,GEN,138 KV,40.7,-75.48,Northampton (Gen),,,
50719,OHIO EDISON CO,ATSI,ATLANTIC,LOAD,138 KV,41.25,-80.8,"Warren, OH",,,
50720,CLEVELAND ELECTRIC ILLUM CO,ATSI,LAKEWOOD,LOAD,138 KV,41.48,-81.8,"Lakewood, OH",,,
50720,JERSEY CENTRAL POWER & LT CO,JCPL,LAKEWOOD,GEN,230 KV,40.08,-74.2,Lakewood (Cogen / Ind),,,
50726,PUBLIC SERVICE ELEC & GAS CO,JCPL,SRIVER,GEN,230 KV,40.44,-74.38,South River / East Brunswick,,,
50780,PENNSYLVANIA ELECTRIC CO,PENELEC,HOMERCIT,GEN,230 KV,40.52,-79.19,Homer City (Gen Station),,,
51206,OHIO EDISON CO,ATSI,BRUNSWICK,LOAD,138 KV,41.24,-81.82,"Brunswick, OH",,,
51221,OHIO EDISON CO,ATSI,FAIRLAWN,LOAD,138 KV,41.12,-81.6,"Fairlawn/Akron, OH",,,
52443,PPL ELECTRIC UTILITIES CORP,PPL,ALBURTIS,EHV,500 KV,40.52,-75.6,Macungie (Major Hub),,,
52444,PUBLIC SERVICE ELEC & GAS CO,PSEG,BRANCHBURG,EHV,500 KV,40.58,-74.65,Branchburg (Major Hub),,,
52445,BALTIMORE GAS & ELECTRIC CO,PEPCO,BRIGHTON,EHV,500 KV,39.2,-77.05,"Brookeville, MD (Montgomery Co)",,,
52446,POTOMAC ELECTRIC POWER CO,PEPCO,BURCHESHILL,EHV,500 KV,38.75,-76.85,Prince George's Co (Major Hub),,,
52449,BALTIMORE GAS & ELECTRIC CO,BGE,CONASTONE,EHV,500 KV,39.685,-76.533,Norrisville (Major Grid Hub),,,
52450,PENNSYLVANIA ELECTRIC CO,PENELEC,CONEMAUGH,EHV,500 KV,40.38,-79.06,New Florence (Gen Station),,,
52450,WEST PENN POWER COMPANY,PENELEC,CONEMAUGH,EHV,500 KV,40.38,-79.06,New Florence (Gen Station),,,
52451,PUBLIC SERVICE ELEC & GAS CO,PSEG,DEANS,EHV,500 KV,40.38,-74.5,South Brunswick (Major Hub),,,
52452,OUT_OF_TERRITORY,PECO,ELROY,EHV,500 KV,40.28,-75.35,Hatfield / Souderton (Major Hub),,,
52453,JERSEY CENTRAL POWER & LT CO,JCPL,EWINDSOR,EHV,500 KV,40.28,-74.55,East Windsor (Major Grid Hub),,,
52454,ATLANTIC CITY ELECTRIC CO,PSEG,HOPECREEK,EHV,500 KV,39.46,-75.53,Salem (Nuclear Plant),,,
52455,PPL ELECTRIC UTILITIES CORP,PPL,HOSENSACK,EHV,500 KV,40.45,-75.52,Lower Milford (Major Hub),,,
52456,METROPOLITAN EDISON CO,METED,HUNTERSTOWN,EHV,500 KV,39.85,-77.2,Gettysburg (Major 500kV Hub),,,
52457,PPL ELECTRIC UTILITIES CORP,PPL,JUNIATA,EHV,500 KV,40.5,-77.2,Juniata County (Major Hub),,,
52458,DELMARVA POWER,DPL,KEENEY,EHV,500 KV,39.62,-75.72,Glasgow (Major EHV Hub),,,
52461,ATLANTIC CITY ELECTRIC CO,PSEG,NEWFREEDOM,EHV,500 KV,39.7,-74.9,Winslow Area,,,
52462,PECO ENERGY CO,PECO,PEACHBOTTOM,EHV,500 KV,39.75,-76.26,"Delta, PA (Nuclear Station)",,,
52463,DELMARVA POWER,DPL,REDLION,EHV,500 KV,39.58,-75.65,Delaware City (Major EHV Hub),,,
52465,JERSEY CENTRAL POWER & LT CO,JCPL,SMITHBURG,EHV,500 KV,40.22,-74.35,Freehold / Manalapan (Major Hub),,,
52467,PPL ELECTRIC UTILITIES CORP,PPL,SUSQUEHANNA,EHV,500 KV,41.09,-76.15,Susquehanna (500kV Yard),,,
52469,BALTIMORE GAS & ELECTRIC CO,BGE,WAUGHCHAPEL,EHV,500 KV,39.045,-76.685,Odenton / Gambrills,,,
52470,PPL ELECTRIC UTILITIES CORP,PPL,WESCOSVL,EHV,500 KV,40.55,-75.55,Wescosville (Major Hub),,,
52471,PECO ENERGY CO,PECO,WHITPAIN,EHV,500 KV,40.15,-75.28,Whitpain Twp (Major Hub),,,
93115,PECO ENERGY CO,PECO,CHINA,LOAD,230 KV,40.15,-74.85,Falls Twp (Morrisville),,,
510409,ATLANTIC CITY ELECTRIC CO,AECO,ABSECON,LOAD,138 KV,39.428,-74.496,Absecon,,,
510424,DELMARVA POWER,DPL,CITYNEWC,LOAD,138 KV,39.66,-75.56,"New Castle City, DE",,,
510426,DELMARVA POWER,DPL,HARESCOR,LOAD,138 KV,39.65,-75.6,New Castle (Hares Corner),,,
510431,DELMARVA POWER,DPL,REYBOLD,LOAD,138 KV,39.62,-75.65,Bear / New Castle,,,
510434,DELMARVA POWER,DPL,SUNSETLA,LOAD,138 KV,39.65,-75.75,Newark (Sunset Lake Rd),,,
659744,ATLANTIC CITY ELECTRIC CO,AECO,CORSON,LOAD,69 KV,39.23,-74.68,Upper Twp / Strathmere,,,
659761,DELMARVA POWER,DPL,COSTEN,LOAD,138 KV,38.15,-75.6,Pocomoke City Area (Somerset Co),,,
659762,DELMARVA POWER,DPL,KINGSCRK,LOAD,138 KV,38.18,-75.7,"Princess Anne / Kings Creek, MD",,,
659764,DELMARVA POWER,DPL,POCOMOKE,LOAD,138 KV,38.07,-75.57,"Pocomoke City, MD",,,
1047912,PECO ENERGY CO,PECO,BETZWOOD,LOAD,230 KV,40.1,-75.42,West Norriton / Valley Forge,,,
1047916,PECO ENERGY CO,PECO,UPPERPRO,LOAD,230 KV,40.15,-75.5,Upper Providence / Oaks,,,
1047928,COMMONWEALTH EDISON CO,COMED,GLENVIEW,LOAD,138 KV,42.07,-87.8,"Glenview, IL",,,
1048007,ROCKLAND ELECTRIC CO,RECO,ALLENDAL,LOAD,138 KV,41.04,-74.13,Allendale,,,
1048009,ROCKLAND ELECTRIC CO,RECO,CLOSTER,LOAD,69 KV,40.97,-73.96,Closter,,,
1048013,ROCKLAND ELECTRIC CO,RECO,FRANKLAK,LOAD,69 KV,41.01,-74.21,Franklin Lakes,,,
1048017,ROCKLAND ELECTRIC CO,RECO,HARINGSC,LOAD,69 KV,40.98,-73.98,Harrington Park,,,
1048020,ROCKLAND ELECTRIC CO,RECO,OAKLAND,LOAD,69 KV,41.02,-74.24,Oakland,,,
1048023,ROCKLAND ELECTRIC CO,RECO,SMAWA,LOAD,69 KV,41.08,-74.15,South Mahwah,,,
1048025,OUT_OF_TERRITORY,RECO,UPPERSAD,LOAD,69 KV,41.06,-74.09,Upper Saddle River,,,
5020981,BALTIMORE GAS & ELECTRIC CO,BGE,OTTERPT,LOAD,34 KV,39.45,-76.26,Abingdon / Otter Point,,,
5020990,POTOMAC ELECTRIC POWER CO,PEPCO,10THST,LOAD,138 KV,38.9,-77.02,Washington DC (Downtown),,,
5021002,POTOMAC ELECTRIC POWER CO,PEPCO,BUZZARD,LOAD,138 KV,38.86,-77.01,Washington DC (Buzzard Point),,,
5021012,POTOMAC ELECTRIC POWER CO,PEPCO,OST,LOAD,138 KV,38.87,-77,Washington DC (Navy Yard),,,
5021016,POTOMAC ELECTRIC POWER CO,PEPCO,SOUTHWES,LOAD,138 KV,38.88,-77.02,Washington DC (Southwest),,,
5021020,POTOMAC ELECTRIC POWER CO,PEPCO,VANNESS,LOAD,138 KV,38.94,-77.06,Washington DC (Van Ness/UDC),,,
5021025,DELMARVA POWER,DPL,CHAPELST,LOAD,138 KV,39.68,-75.72,"Newark, DE (Chapel St)",,,
5021036,DELMARVA POWER,DPL,GLASGOW,LOAD,138 KV,39.6,-75.75,"Glasgow, DE",,,
5021038,DELMARVA POWER,DPL,HARMONY,LOAD,138 KV,39.7,-75.68,Newark (Harmony Rd),,,
5021105,MONONGAHELA POWER CO,APS,CANAANVA,LOAD,138 KV,39.05,-79.45,"Davis/Canaan Valley, WV",,,
5021110,DUQUESNE LIGHT CO,APS,CARNEGIE,LOAD,138 KV,40.4,-80.08,"Carnegie, PA",,,
5021110,PENNSYLVANIA POWER CO,APS,CARNEGIE,LOAD,138 KV,40.4,-80.08,"Carnegie, PA",,,
5021122,WEST PENN POWER COMPANY,APS,CHARLERO,LOAD,138 KV,40.14,-79.9,"Charleroi, PA",,,
5021128,WEST PENN POWER COMPANY,APS,CLARION,LOAD,138 KV,41.21,-79.38,"Clarion, PA",,,
5021133,WEST PENN POWER COMPANY,APS,CONNELSV,LOAD,138 KV,40.02,-79.59,"Connellsville, PA",,,
5021137,MONONGAHELA POWER CO,APS,COWEN,LOAD,138 KV,38.41,-80.55,"Cowen, WV",,,
5021143,THE POTOMAC EDISON COMPANY,APS,CUMB APS,LOAD,138 KV,39.65,-78.76,"Cumberland, MD",,,
5021181,THE POTOMAC EDISON COMPANY,APS,EHAGERST,LOAD,138 KV,39.64,-77.7,"Hagerstown, MD (East)",,,
5021185,MONONGAHELA POWER CO,APS,ELKGARDE,LOAD,138 KV,39.38,-79.15,"Elk Garden, WV",,,
5021195,WEST PENN POWER COMPANY,APS,EVERSON,LOAD,138 KV,40.08,-79.57,"Scottdale/Everson, PA",,,
5021198,MONONGAHELA POWER CO,APS,FAIR APS,LOAD,138 KV,39.48,-80.14,"Fairmont, WV",,,
5021208,MONONGAHELA POWER CO,APS,FRAN APS,LOAD,138 KV,38.64,-79.33,"Franklin, WV",,,
5021217,THE POTOMAC EDISON COMPANY,APS,FROSTBU1,LOAD,138 KV,39.65,-78.92,"Frostburg, MD",,,
5021220,WEST PENN POWER COMPANY,APS,GANS,LOAD,138 KV,39.75,-79.83,"Point Marion/Gans, PA",,,
5021221,THE POTOMAC EDISON COMPANY,APS,GARRETT,LOAD,138 KV,39.4,-79.4,"Oakland/Garrett Co, MD",,,
5021231,MONONGAHELA POWER CO,APS,GLENVILL,LOAD,138 KV,38.93,-80.83,"Glenville, WV",,,
5021243,OUT_OF_TERRITORY,APS,GORE APS,LOAD,138 KV,39.25,-78.25,"Gore, VA",,,
5021246,MONONGAHELA POWER CO,APS,GRAFTON,LOAD,138 KV,39.34,-80.02,"Grafton, WV",,,
5021250,MONONGAHELA POWER CO,APS,GRANTSVI,LOAD,138 KV,38.92,-81.1,"Grantsville, WV",,,
5021270,PENNSYLVANIA POWER CO,APS,HARWICK,LOAD,138 KV,40.55,-79.79,"Springdale/Cheswick, PA",,,
5021270,WEST PENN POWER COMPANY,APS,HARWICK,LOAD,138 KV,40.55,-79.79,"Springdale/Cheswick, PA",,,
5021277,MONONGAHELA POWER CO,APS,HAZELTON,LOAD,138 KV,39.65,-79.5,"Hazelton/Bruceton Mills, WV",,,
5021279,WEST PENN POWER COMPANY,APS,HEMPFIEL,LOAD,138 KV,40.3,-79.55,"Greensburg, PA",,,
5021284,WEST PENN POWER COMPANY,APS,HOUSTON,LOAD,138 KV,40.25,-80.21,"Canonsburg/Houston, PA",,,
5021291,THE POTOMAC EDISON COMPANY,APS,INWOOD,LOAD,138 KV,39.35,-78.05,"Inwood, WV",,,
5021303,PENNSYLVANIA POWER CO,APS,KARNSCIT,LOAD,138 KV,41,-79.7,"Karns City, PA",,,
5021303,WEST PENN POWER COMPANY,APS,KARNSCIT,LOAD,138 KV,41,-79.7,"Karns City, PA",,,
5021314,MONONGAHELA POWER CO,APS,KINGWOOD,LOAD,138 KV,39.47,-79.68,"Kingwood, WV",,,
5021316,WEST PENN POWER COMPANY,APS,KISKIVAL,LOAD,138 KV,40.6,-79.55,"Leechburg, PA",,,
5021318,WEST PENN POWER COMPANY,APS,KITTANNI,LOAD,138 KV,40.81,-79.52,"Kittanning, PA",,,
5021335,WEST PENN POWER COMPANY,APS,LETTERKE,LOAD,138 KV,40,-77.65,"Chambersburg/Letterkenny, PA",,,
5021349,WEST PENN POWER COMPANY,APS,LUXOR,LOAD,138 KV,40.35,-79.5,"Latrobe Area, PA",,,
5021376,WEST PENN POWER COMPANY,APS,MCCONNEL,LOAD,138 KV,39.93,-77.99,"McConnellsburg, PA",,,
5021382,WEST PENN POWER COMPANY,APS,MILESBUR,LOAD,230 KV,40.94,-77.78,"Milesburg/State College, PA",,,
5021391,APPALACHIAN POWER CO,AEP,MITCHELL,GEN,765 KV,39.83,-80.81,"Moundsville, WV",,,
5021395,THE POTOMAC EDISON COMPANY,APS,MONOCACY,LOAD,230 KV,39.35,-77.45,"Dickerson/Frederick, MD",,,
5021400,THE POTOMAC EDISON COMPANY,APS,MORGAN,LOAD,138 KV,39.62,-78.17,"Berkeley Springs, WV",,,
5021403,THE POTOMAC EDISON COMPANY,APS,MTAIRY,LOAD,230 KV,39.37,-77.15,"Mt. Airy, MD",,,
5021416,MONONGAHELA POWER CO,APS,NEWMARTI,LOAD,138 KV,39.64,-80.86,"New Martinsville, WV",,,
5021425,THE POTOMAC EDISON COMPANY,APS,NIPETOWN,LOAD,138 KV,39.35,-77.95,"Martinsburg East, WV",,,
5021430,WEST PENN POWER COMPANY,APS,NUNION,LOAD,138 KV,39.9,-79.73,"Uniontown, PA",,,
5021443,OUT_OF_TERRITORY,APS,OPEQUON,LOAD,138 KV,39.15,-78.1,"Winchester, VA",,,
5021446,MONONGAHELA POWER CO,APS,OSAGE,LOAD,138 KV,39.65,-80,"Morgantown (West), WV",,,
5021449,MONONGAHELA POWER CO,APS,PADENCIT,LOAD,138 KV,39.6,-80.93,"Paden City, WV",,,
5021456,MONONGAHELA POWER CO,APS,PARKERSB,LOAD,138 KV,39.26,-81.56,"Parkersburg, WV",,,
5021464,MONONGAHELA POWER CO,APS,PARSONS,LOAD,138 KV,39.09,-79.68,"Parsons, WV",,,
5021466,THE POTOMAC EDISON COMPANY,APS,PETERS,LOAD,138 KV,38.99,-79.12,"Petersburg, WV",,,
5021470,MONONGAHELA POWER CO,APS,PIERPONT,LOAD,138 KV,39.65,-79.92,"Morgantown (East), WV",,,
5021481,PENNSYLVANIA ELECTRIC CO,APS,QUEHANNA,LOAD,230 KV,41.15,-78.15,"Karthaus/Clearfield, PA",,,
5021492,THE POTOMAC EDISON COMPANY,APS,RIDGELEY,LOAD,138 KV,39.64,-78.77,"Ridgeley, WV",,,
5021494,PENNSYLVANIA ELECTRIC CO,APS,RINGGOLD,LOAD,138 KV,40.95,-79.05,"Ringgold, PA",,,
5021496,OUT_OF_TERRITORY,APS,RIVERTON,LOAD,138 KV,38.95,-78.18,"Front Royal, VA",,,
5021499,MONONGAHELA POWER CO,APS,RIVESVIL,LOAD,138 KV,39.53,-80.12,"Rivesville, WV",,,
5021502,OHIO POWER CO,AEP,ROBERTS,LOAD,345 KV,40.02,-83.15,"Hilliard, OH (Columbus Ring)",,,
5021513,DUQUESNE LIGHT CO,APS,SEWICKLE,LOAD,138 KV,40.54,-80.18,"Sewickley, PA",,,
5021513,PENNSYLVANIA POWER CO,APS,SEWICKLE,LOAD,138 KV,40.54,-80.18,"Sewickley, PA",,,
5021519,THE POTOMAC EDISON COMPANY,APS,SHEPERDS,LOAD,138 KV,39.43,-77.8,"Shepherdstown, WV",,,
5021523,THE POTOMAC EDISON COMPANY,APS,SHORTGAP,LOAD,138 KV,39.55,-78.8,"Short Gap/Keyser, WV",,,
5021545,MONONGAHELA POWER CO,APS,STMARYS,LOAD,138 KV,39.39,-81.2,"St. Marys, WV",,,
5021550,OUT_OF_TERRITORY,APS,STRASBUR,LOAD,138 KV,38.99,-78.36,"Strasburg, VA",,,
5021552,MONONGAHELA POWER CO,APS,SUMMERSV,LOAD,138 KV,38.28,-80.85,"Summersville, WV",,,
5021556,MONONGAHELA POWER CO,APS,SUTTON,LOAD,138 KV,38.66,-80.7,"Sutton/Gassaway, WV",,,
5021560,THE POTOMAC EDISON COMPANY,APS,TANEYTOW,LOAD,138 KV,39.66,-77.17,"Taneytown, MD",,,
5021568,WEST PENN POWER COMPANY,APS,VANDERGR,LOAD,138 KV,40.58,-79.56,"Vandergrift, PA",,,
5021576,WEST PENN POWER COMPANY,APS,WALTZMIL,LOAD,138 KV,40.23,-79.7,"Madison/Waltz Mill, PA",,,
5021579,WEST PENN POWER COMPANY,APS,WASH APS,LOAD,138 KV,40.17,-80.24,"Washington, PA",,,
5021586,MONONGAHELA POWER CO,APS,WEIRTON,LOAD,138 KV,40.41,-80.58,"Weirton, WV",,,
5021591,MONONGAHELA POWER CO,APS,WESTON,LOAD,138 KV,39.03,-80.46,"Weston, WV",,,
5021595,MONONGAHELA POWER CO,APS,WESTRUN,LOAD,138 KV,39.66,-79.95,"Morgantown, WV",,,
5021617,WEST PENN POWER COMPANY,APS,WWAYNESB,LOAD,138 KV,39.89,-80.17,"Waynesburg, PA",,,
5021620,OUT_OF_TERRITORY,APS,WWINCHES,LOAD,138 KV,39.18,-78.16,"Winchester, VA (West)",,,
5022434,PENNSYLVANIA POWER CO,APS,CABOT,EHV,500 KV,40.75,-79.8,"Saxonburg, PA",,,
5022434,WEST PENN POWER COMPANY,APS,CABOT,EHV,500 KV,40.75,-79.8,"Saxonburg, PA",,,
5022435,THE POTOMAC EDISON COMPANY,APS,DOUBS,EHV,500 KV,39.3,-77.52,"Buckeystown, MD",,,
5022436,MONONGAHELA POWER CO,APS,FORTMARTIN,EHV,500 KV,39.71,-79.95,"Maidsville, WV (Gen Station)",,,
5022437,MONONGAHELA POWER CO,APS,HARRISON,EHV,500 KV,39.38,-80.33,"Haywood, WV (Gen Station)",,,
5022439,WEST PENN POWER COMPANY,APS,HATFIELD,EHV,500 KV,39.85,-79.95,"Masontown, PA",,,
5022440,OUT_OF_TERRITORY,APS,MEADOWBROOK,EHV,500 KV,39.2,-78.25,"Winchester, VA (Stephens City)",,,
5022441,MONONGAHELA POWER CO,APS,PLEASANTS,EHV,500 KV,39.36,-81.28,"Willow Island, WV (Gen Station)",,,
5022442,MONONGAHELA POWER CO,APS,PRUNTYTOWN,EHV,500 KV,39.3,-80.08,"Grafton/Pruntytown, WV",,,
5022443,MONONGAHELA POWER CO,APS,WYLIERIDGE,EHV,500 KV,40.5,-80.6,"New Cumberland, WV",,,
5022444,WEST PENN POWER COMPANY,APS,YUKON,EHV,500 KV,40.21,-79.68,"Yukon, PA",,,
6470135,OUT_OF_TERRITORY,AEP,SULLIVAN,EHV,765 KV,39.1,-87.4,"Sullivan, IN",,,
10700755,DELMARVA POWER,DPL,MIDDLETO,LOAD,138 KV,39.45,-75.7,"Middletown, DE",,,
21601643,OHIO EDISON CO,ATSI,HURON,LOAD,138 KV,41.39,-82.55,"Huron, OH",,,
21601651,DELMARVA POWER,DPL,OMAR,LOAD,138 KV,38.5,-75.2,Frankford / Roxana Area,,,
21601665,DUQUESNE LIGHT CO,DUQ,ARSENAL,LOAD,138 KV,40.46,-79.96,Pittsburgh (Lawrenceville/Strip District),,,
21601665,PENNSYLVANIA POWER CO,DUQ,ARSENAL,LOAD,138 KV,40.46,-79.96,Pittsburgh (Lawrenceville/Strip District),,,
21601667,DUQUESNE LIGHT CO,DUQ,BEAV DUQ,LOAD,138 KV,40.69,-80.3,"Beaver, PA",,,
21601667,PENNSYLVANIA POWER CO,DUQ,BEAV DUQ,LOAD,138 KV,40.69,-80.3,"Beaver, PA",,,
21601674,DUQUESNE LIGHT CO,DUQ,BETTIS,LOAD,138 KV,40.36,-79.9,West Mifflin (Bettis Atomic Lab),,,
21601674,PENNSYLVANIA POWER CO,DUQ,BETTIS,LOAD,138 KV,40.36,-79.9,West Mifflin (Bettis Atomic Lab),,,
21601676,DUQUESNE LIGHT CO,DUQ,BOCGASES,LOAD,138 KV,40.4,-79.87,Braddock Area (Industrial Gas),,,
21601676,PENNSYLVANIA POWER CO,DUQ,BOCGASES,LOAD,138 KV,40.4,-79.87,Braddock Area (Industrial Gas),,,
21601677,DUQUESNE LIGHT CO,DUQ,BRENTWOO,LOAD,138 KV,40.37,-79.97,"Brentwood, PA",,,
21601677,PENNSYLVANIA POWER CO,DUQ,BRENTWOO,LOAD,138 KV,40.37,-79.97,"Brentwood, PA",,,
21601678,DUQUESNE LIGHT CO,DUQ,BRUNOTIS,LOAD,138 KV,40.46,-80.04,Pittsburgh (Brunot Island / Ohio River),,,
21601678,PENNSYLVANIA POWER CO,DUQ,BRUNOTIS,LOAD,138 KV,40.46,-80.04,Pittsburgh (Brunot Island / Ohio River),,,
21601689,DUQUESNE LIGHT CO,DUQ,DRAVOSBU,LOAD,138 KV,40.35,-79.88,"Dravosburg, PA",,,
21601689,PENNSYLVANIA POWER CO,DUQ,DRAVOSBU,LOAD,138 KV,40.35,-79.88,"Dravosburg, PA",,,
21601694,DUQUESNE LIGHT CO,DUQ,ELWYN,LOAD,138 KV,40.38,-79.99,Baldwin / Whitehall Area,,,
21601694,PENNSYLVANIA POWER CO,DUQ,ELWYN,LOAD,138 KV,40.38,-79.99,Baldwin / Whitehall Area,,,
21601697,DUQUESNE LIGHT CO,DUQ,EVERGREE,LOAD,138 KV,40.52,-80.02,Ross Twp (Evergreen Rd),,,
21601697,PENNSYLVANIA POWER CO,DUQ,EVERGREE,LOAD,138 KV,40.52,-80.02,Ross Twp (Evergreen Rd),,,
21601698,DUQUESNE LIGHT CO,DUQ,FINDLAY,LOAD,138 KV,40.48,-80.25,Findlay Twp (Pittsburgh Airport Area),,,
21601698,OHIO POWER CO,AEP,FINDLAY,LOAD,138 KV,41.04,-83.64,"Findlay, OH",,,
21601698,PENNSYLVANIA POWER CO,DUQ,FINDLAY,LOAD,138 KV,40.48,-80.25,Findlay Twp (Pittsburgh Airport Area),,,
21601712,DUQUESNE LIGHT CO,DUQ,JLMIDLAN,LOAD,138 KV,40.63,-80.45,Midland (Industrial / Steel),,,
21601712,PENNSYLVANIA POWER CO,DUQ,JLMIDLAN,LOAD,138 KV,40.63,-80.45,Midland (Industrial / Steel),,,
21601719,DUQUESNE LIGHT CO,DUQ,LEGIONVI,LOAD,138 KV,40.6,-80.23,Harmony Twp (Legionville),,,
21601719,PENNSYLVANIA POWER CO,DUQ,LEGIONVI,LOAD,138 KV,40.6,-80.23,Harmony Twp (Legionville),,,
21601720,DUQUESNE LIGHT CO,DUQ,LOGANSFE,LOAD,138 KV,40.52,-79.78,Plum (Logans Ferry),,,
21601720,PENNSYLVANIA POWER CO,DUQ,LOGANSFE,LOAD,138 KV,40.52,-79.78,Plum (Logans Ferry),,,
21601723,DUQUESNE LIGHT CO,DUQ,MIDLAND,LOAD,138 KV,40.63,-80.44,"Midland, PA",,,
21601723,PENNSYLVANIA POWER CO,DUQ,MIDLAND,LOAD,138 KV,40.63,-80.44,"Midland, PA",,,
21601724,DUQUESNE LIGHT CO,DUQ,MONT DUQ,LOAD,138 KV,40.45,-80.15,Robinson / Montour Area,,,
21601724,PENNSYLVANIA POWER CO,DUQ,MONT DUQ,LOAD,138 KV,40.45,-80.15,Robinson / Montour Area,,,
21601727,DUQUESNE LIGHT CO,DUQ,MT NEBO,LOAD,138 KV,40.55,-80.1,Ohio Twp (Mt Nebo),,,
21601727,PENNSYLVANIA POWER CO,DUQ,MT NEBO,LOAD,138 KV,40.55,-80.1,Ohio Twp (Mt Nebo),,,
21601729,DUQUESNE LIGHT CO,DUQ,NEVILLE,LOAD,138 KV,40.5,-80.15,Neville Island (Chemical/Industrial),,,
21601729,PENNSYLVANIA POWER CO,DUQ,NEVILLE,LOAD,138 KV,40.5,-80.15,Neville Island (Chemical/Industrial),,,
21601730,DUQUESNE LIGHT CO,DUQ,NORTH,LOAD,138 KV,40.45,-80.01,Pittsburgh (North Side),,,
21601730,PENNSYLVANIA POWER CO,DUQ,NORTH,LOAD,138 KV,40.45,-80.01,Pittsburgh (North Side),,,
21601735,DUQUESNE LIGHT CO,DUQ,OAKL DUQ,LOAD,138 KV,40.44,-79.95,Pittsburgh (Oakland / Universities),,,
21601735,PENNSYLVANIA POWER CO,DUQ,OAKL DUQ,LOAD,138 KV,40.44,-79.95,Pittsburgh (Oakland / Universities),,,
21601744,DUQUESNE LIGHT CO,DUQ,PLUM,LOAD,138 KV,40.48,-79.77,Plum Borough,,,
21601744,PENNSYLVANIA POWER CO,DUQ,PLUM,LOAD,138 KV,40.48,-79.77,Plum Borough,,,
21601745,DUQUESNE LIGHT CO,DUQ,RACC DUQ,LOAD,138 KV,40.65,-80.35,Raccoon Twp,,,
21601745,PENNSYLVANIA POWER CO,DUQ,RACC DUQ,LOAD,138 KV,40.65,-80.35,Raccoon Twp,,,
21601749,DUQUESNE LIGHT CO,DUQ,UNIVERSA,LOAD,138 KV,40.47,-79.82,Penn Hills (Universal),,,
21601749,PENNSYLVANIA POWER CO,DUQ,UNIVERSA,LOAD,138 KV,40.47,-79.82,Penn Hills (Universal),,,
21601752,DUQUESNE LIGHT CO,DUQ,USAP,LOAD,138 KV,40.49,-80.26,Pittsburgh Airport (USAP),,,
21601752,PENNSYLVANIA POWER CO,DUQ,USAP,LOAD,138 KV,40.49,-80.26,Pittsburgh Airport (USAP),,,
21601753,DUQUESNE LIGHT CO,DUQ,USSCLAIR,LOAD,138 KV,40.3,-79.88,Clairton (US Steel Coke Works),,,
21601753,PENNSYLVANIA POWER CO,DUQ,USSCLAIR,LOAD,138 KV,40.3,-79.88,Clairton (US Steel Coke Works),,,
21601755,DUQUESNE LIGHT CO,DUQ,USSILLIN,LOAD,138 KV,40.32,-79.9,West Mifflin (US Steel Irvin Works),,,
21601755,PENNSYLVANIA POWER CO,DUQ,USSILLIN,LOAD,138 KV,40.32,-79.9,West Mifflin (US Steel Irvin Works),,,
21601765,DUQUESNE LIGHT CO,DUQ,WILMERDI,LOAD,138 KV,40.39,-79.81,"Wilmerding, PA",,,
21601765,PENNSYLVANIA POWER CO,DUQ,WILMERDI,LOAD,138 KV,40.39,-79.81,"Wilmerding, PA",,,
21601772,DUQUESNE LIGHT CO,DUQ,WMIFFLIN,LOAD,138 KV,40.36,-79.92,"West Mifflin, PA",,,
21601772,PENNSYLVANIA POWER CO,DUQ,WMIFFLIN,LOAD,138 KV,40.36,-79.92,"West Mifflin, PA",,,
21601774,PENNSYLVANIA POWER CO,DUQ,WOLFERUN,LOAD,138 KV,40.55,-79.8,Cheswick / Springdale Area,,,
21601774,WEST PENN POWER COMPANY,DUQ,WOLFERUN,LOAD,138 KV,40.55,-79.8,Cheswick / Springdale Area,,,
21601775,DUQUESNE LIGHT CO,DUQ,WOODVILL,LOAD,138 KV,40.38,-80.08,Collier Twp / Heidelberg,,,
21601775,PENNSYLVANIA POWER CO,DUQ,WOODVILL,LOAD,138 KV,40.38,-80.08,Collier Twp / Heidelberg,,,
21601864,PPL ELECTRIC UTILITIES CORP,PPL,STEELCITY,EHV,500 KV,40.62,-75.32,Bethlehem (Steel City),,,
21616495,DELMARVA POWER,DPL,ROCKSPRINGS,EHV,500 KV,39.7,-76.15,"Rising Sun, MD (Cecil Co Hub)",,,
31020665,ATLANTIC CITY ELECTRIC CO,AECO,CARDIFF,LOAD,138 KV,39.406,-74.56,Egg Harbor Twp (Cardiff),,,
32410481,APPALACHIAN POWER CO,AEP,ABINGDON,LOAD,138 KV,36.71,-81.97,"Abingdon, VA",,,
32410521,APPALACHIAN POWER CO,AEP,AMOS,GEN,765 KV,38.47,-81.82,"Winfield, WV (John Amos)",,,
32410649,OHIO POWER CO,AEP,BEXLEY,LOAD,138 KV,39.96,-82.93,"Bexley/Columbus, OH",,,
32410663,APPALACHIAN POWER CO,AEP,BIGSANDY,GEN,765 KV,38.17,-82.61,"Louisa, KY",,,
32410667,OHIO POWER CO,AEP,BIXBY,LOAD,345 KV,39.9,-82.85,"Groveport, OH",,,
32410959,CLEVELAND ELECTRIC ILLUM CO,ATSI,CONCORD,LOAD,138 KV,41.65,-81.23,"Concord Twp, OH",,,
32410965,OHIO POWER CO,AEP,CONESVIL,GEN,345 KV,40.18,-81.88,"Conesville, OH",,,
32411253,APPALACHIAN POWER CO,AEP,FIELDALE,LOAD,138 KV,36.69,-79.97,"Martinsville Area, VA",,,
32411293,COMMONWEALTH EDISON CO,COMED,FORD,LOAD,138 KV,41.65,-87.58,Chicago (Ford City Area),,,
32411325,OHIO POWER CO,AEP,FREMONT,LOAD,138 KV,41.35,-83.1,"Fremont, OH",,,
32411325,OHIO POWER CO,ATSI,FREMONT,LOAD,138 KV,41.35,-83.1,"Fremont, OH",,,
32411339,OHIO POWER CO,AEP,GAHANNA,LOAD,138 KV,40.02,-82.87,"Gahanna, OH",,,
32411481,OHIO POWER CO,AEP,HANGROCK,LOAD,765 KV,38.56,-82.75,"Ironton, OH",,,
32411513,KENTUCKY POWER CO,AEP,HAZARD,LOAD,138 KV,37.25,-83.19,"Hazard, KY",,,
32411581,APPALACHIAN POWER CO,AEP,HOLSTON,LOAD,138 KV,36.52,-82.5,"Kingsport Area, TN",,,
32411695,APPALACHIAN POWER CO,AEP,JACKSON,EHV,765 KV,38.85,-81.7,"Jackson County, WV",,,
32411723,COMMONWEALTH EDISON CO,COMED,KANKAKEE,LOAD,138 KV,41.12,-87.86,"Kankakee, IL",,,
32411743,APPALACHIAN POWER CO,AEP,KENOVA,LOAD,138 KV,38.4,-82.57,"Kenova, WV",,,
32411759,OHIO POWER CO,AEP,KIRK,LOAD,345 KV,40,-82.6,"Pataskala, OH",,,
32411843,APPALACHIAN POWER CO,AEP,LOGAN,LOAD,138 KV,37.85,-81.99,"Logan, WV",,,
32411901,CLEVELAND ELECTRIC ILLUM CO,ATSI,MAYFIELD,LOAD,138 KV,41.52,-81.45,"Mayfield Heights, OH",,,
32412039,APPALACHIAN POWER CO,AEP,MOUNTAIN,GEN,765 KV,38.97,-81.93,"New Haven, WV",,,
32412345,APPALACHIAN POWER CO,AEP,REUSENS,LOAD,138 KV,37.45,-79.18,"Lynchburg, VA",,,
32412355,ATLANTIC CITY ELECTRIC CO,AECO,RICHMOND,LOAD,69 KV,39.35,-74.46,Atlantic City (Richmond Ave),,,
32412367,APPALACHIAN POWER CO,AEP,RIPLEY,LOAD,138 KV,38.82,-81.71,"Ripley, WV",,,
32412389,APPALACHIAN POWER CO,AEP,ROANOKE,LOAD,138 KV,37.27,-79.94,"Roanoke, VA",,,
32412473,APPALACHIAN POWER CO,AEP,SALTVILL,LOAD,138 KV,36.88,-81.76,"Saltville, VA",,,
32412685,OHIO POWER CO,ATSI,STARKEY,LOAD,138 KV,40.8,-81.4,Canton/Stark County,,,
32412803,APPALACHIAN POWER CO,AEP,TAZEWELL,LOAD,138 KV,37.12,-81.52,"Tazewell, VA",,,
32412803,VIRGINIA ELECTRIC & POWER CO,AEP,TAZEWELL,LOAD,138 KV,37.12,-81.52,"Tazewell, VA",,,
32412855,OHIO POWER CO,AEP,TORREY,LOAD,138 KV,40.82,-81.35,"Canton, OH",,,
32412877,APPALACHIAN POWER CO,AEP,TURNER,LOAD,138 KV,38.35,-81.63,"Institute, WV",,,
32412931,OHIO POWER CO,AEP,WAGENHAL,LOAD,138 KV,40.8,-81.4,"Canton West, OH",,,
32413085,OHIO POWER CO,AEP,WOOSTER,LOAD,138 KV,40.8,-81.93,"Wooster, OH",,,
32415153,OHIO EDISON CO,ATSI,NILES,LOAD,138 KV,41.18,-80.76,"Niles, OH",,,
32418343,APPALACHIAN POWER CO,AEP,CLAYTOR,GEN,138 KV,37.05,-80.57,"Pulaski, VA (Hydro)",,,
32418441,VIRGINIA ELECTRIC & POWER CO,AEP,LEESVILL,GEN,138 KV,37.09,-79.4,"Leesville, VA",,,
32947103,ATLANTIC CITY ELECTRIC CO,AECO,CEDAR,LOAD,69 KV,39.41,-74.58,Pleasantville / Egg Harbor,,,
32947121,OUT_OF_TERRITORY,DPL,OILCITY,LOAD,138 KV,38.85,-75.85,"Denton / Oil City, MD",,,
33092301,COMMONWEALTH EDISON CO,COMED,BATAVIA,LOAD,138 KV,41.85,-88.31,"Batavia, IL",,,
33092305,DUKE ENERGY OHIO INC,DEOK,ROCHELLE,LOAD,138 KV,39.13,-84.51,Cincinnati (University Hts),,,
33138787,COMMONWEALTH EDISON CO,COMED,ROCKFORD,LOAD,138 KV,42.27,-89.09,"Rockford, IL",,,
34509179,KENTUCKY POWER CO,AEP,BAKER,EHV,765 KV,38.05,-82.63,"Louisa, KY",,,
34509185,OUT_OF_TERRITORY,AEP,COOK,GEN,765 KV,41.976,-86.561,"Bridgman, MI (Nuclear Plant)",,,
34509187,APPALACHIAN POWER CO,AEP,CULLODEN,EHV,765 KV,38.42,-82.05,"Culloden, WV",,,
34509189,OUT_OF_TERRITORY,AEP,DUMONT,EHV,765 KV,41.55,-86.5,"Lakeville, IN",,,
34509189,OUT_OF_TERRITORY,AEP,DUMONT,LOAD,345 KV,41.55,-86.5,"Lakeville, IN (345/765 Hub)",,,
34509191,APPALACHIAN POWER CO,AEP,GAVIN,GEN,765 KV,38.93,-82.11,"Cheshire, OH",,,435
34509197,COMMONWEALTH EDISON CO,COMED,JEFFERSON,LOAD,138 KV,41.97,-87.76,Chicago (Jefferson Park),,,
34509201,APPALACHIAN POWER CO,AEP,KAMMER,EHV,765 KV,39.85,-80.8,"Moundsville, WV",,,
34509203,OHIO POWER CO,AEP,MARQUIS,LOAD,345 KV,39.8,-82.95,"Chillicothe Area, OH",,,
34509213,OUT_OF_TERRITORY,AEP,ROCKPORT,GEN,765 KV,37.925,-87.034,"Rockport, IN (Gen Station)",,,
34509219,APPALACHIAN POWER CO,AEP,WYOMING,EHV,765 KV,37.58,-81.55,"Oceana, WV",,,
34885259,VIRGINIA ELECTRIC & POWER CO,DOM,CHAPARAL,LOAD,230 KV,37.45,-77.55,Richmond (Chaparral),,,
34885359,VIRGINIA ELECTRIC & POWER CO,DOM,FOURRIVR,LOAD,230 KV,37.35,-77.25,Varina / Henrico,,,
34885405,OHIO EDISON CO,ATSI,HAYES,LOAD,138 KV,41.25,-82.6,"Milan/Sandusky, OH",,,
34885541,VIRGINIA ELECTRIC & POWER CO,DOM,NATWELDR,LOAD,230 KV,38.75,-77.5,Manassas (National Welding),,,
34885703,VIRGINIA ELECTRIC & POWER CO,AEP,VICTORIA,LOAD,138 KV,36.99,-78.22,"Victoria, VA",,,
34885875,THE TOLEDO EDISON CO,ATSI,HOLLAND,LOAD,138 KV,41.6,-83.7,"Holland/Toledo, OH",,,
34885949,CLEVELAND ELECTRIC ILLUM CO,ATSI,OAKWOOD,LOAD,138 KV,41.38,-81.5,"Oakwood, OH",,,
34885983,VIRGINIA ELECTRIC & POWER CO,DOM,RURITAN,LOAD,230 KV,38.15,-78,Orange / Gordonsville,,,
34886143,VIRGINIA ELECTRIC & POWER CO,DOM,BATERYHT,LOAD,230 KV,38.74,-77.5,Manassas (Battery Heights),,,
34886211,VIRGINIA ELECTRIC & POWER CO,DOM,CUBRUNDP,LOAD,230 KV,38.85,-77.45,Centreville (Cub Run),,,
34886235,VIRGINIA ELECTRIC & POWER CO,DOM,FCWADP,LOAD,230 KV,38.85,-77.3,Fairfax Co Water Authority,,,
34886305,VIRGINIA ELECTRIC & POWER CO,DOM,JOHNSNDP,LOAD,230 KV,37.55,-77.45,Richmond (Johnson),,,
34886333,VIRGINIA ELECTRIC & POWER CO,DOM,MOOREDP,LOAD,230 KV,37.55,-77.5,Richmond (Moore),,,
34886375,VIRGINIA ELECTRIC & POWER CO,DOM,PRINCWIL,LOAD,230 KV,38.7,-77.45,Prince William County,,,
34886583,VIRGINIA ELECTRIC & POWER CO,DOM,NUCOR4,LOAD,230 KV,36.55,-77.1,"Hertford Co, NC (Steel Mill)",,,
34886793,OUT_OF_TERRITORY,DOM,HRSNBGDP,LOAD,230 KV,38.45,-78.87,"Harrisonburg, VA",,,
34886855,VIRGINIA ELECTRIC & POWER CO,DOM,PROFITDP,LOAD,230 KV,38.1,-78.45,Charlottesville (Proffit Rd),,,
34887239,COMMONWEALTH EDISON CO,COMED,LEE,EHV,345 KV,41.75,-89.1,Lee County / Steward,,,
34888005,OUT_OF_TERRITORY,DOM,SANNA,GEN,230 KV,38.06,-77.79,North Anna (South Bus),,,
35010339,VIRGINIA ELECTRIC & POWER CO,DOM,CARSON,EHV,500 KV,37.05,-77.42,Dinwiddie (Major Hub),,,
35010341,VIRGINIA ELECTRIC & POWER CO,DOM,CHICKAHOMINY,EHV,500 KV,37.4,-77.1,Charles City / Providence Forge,,,
35010345,VIRGINIA ELECTRIC & POWER CO,DOM,ELMONT,EHV,500 KV,37.7,-77.45,Ashland / Hanover (Major Hub),,,
35010347,VIRGINIA ELECTRIC & POWER CO,DOM,MIDLOTHIAN,EHV,500 KV,37.5,-77.65,Chesterfield / Midlothian,,,
35010349,OUT_OF_TERRITORY,DOM,NORTH ANNA,EHV,500 KV,38.06,-77.79,Mineral (Nuclear Plant),,,
35010351,VIRGINIA ELECTRIC & POWER CO,DOM,FENTRESS,EHV,500 KV,36.7,-76.15,Chesapeake (Fentress Airfield),,,
35010353,VIRGINIA ELECTRIC & POWER CO,DOM,SEPTA,EHV,500 KV,39.01,-77.49,Ashburn (Data Center Hub),,,
35010355,VIRGINIA ELECTRIC & POWER CO,DOM,SURRY,EHV,500 KV,37.16,-76.69,Surry (Nuclear Plant),,,
35010357,VIRGINIA ELECTRIC & POWER CO,DOM,YADKIN,EHV,500 KV,36.75,-76.35,Chesapeake (Yadkin Rd),,,
35010359,VIRGINIA ELECTRIC & POWER CO,DOM,CHANCELLOR,EHV,500 KV,38.28,-77.62,Spotsylvania / Fredericksburg,,,
35010361,VIRGINIA ELECTRIC & POWER CO,DOM,CLIFTON,EHV,500 KV,38.78,-77.38,Fairfax Station / Clifton,,,
35010363,OUT_OF_TERRITORY,DOM,LADYSMITH,EHV,500 KV,38.02,-77.5,Caroline County,,,
35010365,VIRGINIA ELECTRIC & POWER CO,DOM,LOUDOUN,EHV,500 KV,39.02,-77.47,Ashburn (Major Data Center Hub),,,
35010367,OUT_OF_TERRITORY,DOM,MORRISVILLE,EHV,500 KV,38.55,-77.7,Fauquier County,,,
35010369,OUT_OF_TERRITORY,DOM,OX,EHV,500 KV,38.65,-77.35,Woodbridge / Lorton,,,
35010371,VIRGINIA ELECTRIC & POWER CO,DOM,PLEASANT VIEW,EHV,500 KV,39,-77.48,Loudoun (Data Center Hub),,,
35010373,VIRGINIA ELECTRIC & POWER CO,DOM,POSSUM POINT,EHV,500 KV,38.54,-77.28,Dumfries (Gen Station),,,
35010375,OUT_OF_TERRITORY,DOM,BATH COUNTY,EHV,500 KV,38.208,-79.8,Warm Springs (Pumped Storage),,,
35010377,OUT_OF_TERRITORY,DOM,CUNNINGHAM,EHV,500 KV,37.85,-78.25,Fluvanna Co (Backbone),,,
35010379,VIRGINIA ELECTRIC & POWER CO,DOM,DOOMS,EHV,500 KV,38.1,-78.85,Waynesboro (Major Hub),,,
35010383,OUT_OF_TERRITORY,DOM,LEXINGTON,EHV,500 KV,37.78,-79.45,Rockbridge County,,,
35010385,THE POTOMAC EDISON COMPANY,DOM,MT STORM,EHV,500 KV,39.2,-79.26,"Mt Storm, WV (Coal Plant)",,,
35010387,VIRGINIA ELECTRIC & POWER CO,DOM,VALLEY,EHV,500 KV,38.15,-78.95,Weyers Cave / Staunton,,,
38367755,DELMARVA POWER,DPL,CARRCROF,LOAD,138 KV,39.79,-75.5,Wilmington (Carrcroft),,,
38367757,DELMARVA POWER,DPL,CEDARCRE,LOAD,138 KV,38.85,-75.35,Milford / Lincoln Area,,,
38367759,DELMARVA POWER,DPL,CHESWOLD,LOAD,138 KV,39.22,-75.58,"Cheswold, DE",,,
38367785,DELMARVA POWER,DPL,KIAMENSI,LOAD,138 KV,39.72,-75.63,"Stanton / Newport, DE",,,
38367799,DELMARVA POWER,DPL,SILVERBR,LOAD,138 KV,39.72,-75.58,Wilmington (Silverbrook),,,
38367809,DELMARVA POWER,DPL,STEELE,LOAD,138 KV,38.7,-75.1,Lewes / Nassau Area,,,
38367813,DELMARVA POWER,DPL,WWILMING,LOAD,138 KV,39.75,-75.58,"West Wilmington, DE",,,
38367851,DAYTON POWER & LIGHT CO,DAY,09BELLBR,LOAD,138 KV,39.63,-84.07,"Bellbrook, OH",,,
38367855,DAYTON POWER & LIGHT CO,DAY,09KNOLLW,LOAD,138 KV,39.72,-84.06,Beavercreek (Knollwood),,,
38367861,DAYTON POWER & LIGHT CO,DAY,09NCARLI,LOAD,138 KV,39.93,-84.03,"New Carlisle, OH",,,
38367863,DAYTON POWER & LIGHT CO,DAY,09NORTHR,LOAD,138 KV,39.8,-84.19,Dayton (Northridge),,,
38367871,DAYTON POWER & LIGHT CO,DAY,EAGLEREA,LOAD,138 KV,40.45,-83.7,Bellefontaine Area (REA),,,
38367873,DAYTON POWER & LIGHT CO,DAY,ELDEAN1,LOAD,138 KV,40.02,-84.22,Troy (Eldean Rd),,,
38367913,VIRGINIA ELECTRIC & POWER CO,DOM,LOVETTSV,LOAD,138 KV,39.27,-77.63,Lovettsville,,,
40243253,OHIO POWER CO,AEP,DUBLIN,LOAD,138 KV,40.1,-83.15,"Dublin, OH",,,
40243327,DAYTON POWER & LIGHT CO,DAY,09NEEDMO,LOAD,138 KV,39.81,-84.17,Dayton (Needmore Rd),,,
40243391,DAYTON POWER & LIGHT CO,DAY,13829REA,LOAD,138 KV,40.1,-83.75,Urbana Area (Rural Tap),,,
40243455,OHIO POWER CO,AEP,DARBY,LOAD,345 KV,39.95,-83.25,"West Jefferson, OH (Columbus Ring)",,,
40243737,DUQUESNE LIGHT CO,DUQ,CARS DUQ,LOAD,138 KV,40.42,-79.98,Pittsburgh (South Side / Carson St),,,
40243737,PENNSYLVANIA POWER CO,DUQ,CARS DUQ,LOAD,138 KV,40.42,-79.98,Pittsburgh (South Side / Carson St),,,
40243739,DUQUESNE LIGHT CO,DUQ,HOMESTED,LOAD,138 KV,40.41,-79.91,Homestead / Waterfront,,,
40243739,PENNSYLVANIA POWER CO,DUQ,HOMESTED,LOAD,138 KV,40.41,-79.91,Homestead / Waterfront,,,
40243741,DUQUESNE LIGHT CO,DUQ,PRTPERRY,LOAD,138 KV,40.39,-79.85,North Versailles (Port Perry),,,
40243741,PENNSYLVANIA POWER CO,DUQ,PRTPERRY,LOAD,138 KV,40.39,-79.85,North Versailles (Port Perry),,,
41935357,PUBLIC SERVICE ELEC & GAS CO,PSEG,NEWMILFR,LOAD,230 KV,40.93,-74.01,New Milford,,,
41935397,DELMARVA POWER,DPL,BEAR DPL,LOAD,138 KV,39.63,-75.65,"Bear, DE",,,
41935441,VIRGINIA ELECTRIC & POWER CO,DOM,NAVYNTH,LOAD,230 KV,38.95,-77.38,Reston (Navy North),,,
45565787,PECO ENERGY CO,PECO,HARTMAN,LOAD,230 KV,39.85,-75.35,Chester City (Industrial),,,
45565807,DELMARVA POWER,DPL,LUMSPOND,LOAD,138 KV,39.55,-75.72,Bear (Lums Pond State Park),,,
45565887,APPALACHIAN POWER CO,DOM,TANGLEDP,LOAD,230 KV,37.25,-79.95,Roanoke (Tanglewood),,,
48933955,DELMARVA POWER,DPL,MERMAID,LOAD,138 KV,39.75,-75.68,Pike Creek / Hockessin,,,
48933957,DELMARVA POWER,DPL,MILLTOWN,LOAD,138 KV,39.73,-75.65,Wilmington (Milltown Rd),,,
48933959,DELMARVA POWER,DPL,MTPLEASN,LOAD,138 KV,39.5,-75.7,Mt Pleasant / Middletown,,,
48934019,DAYTON POWER & LIGHT CO,DAY,AGA GAS,LOAD,138 KV,40.5,-84,Industrial Tap (Lima/Sidney Area),,,
48934021,DAYTON POWER & LIGHT CO,DAY,09CARGIL,LOAD,138 KV,40.27,-84.17,"Sidney, OH (Cargill Plant)",,,
48934023,DAYTON POWER & LIGHT CO,DAY,09CENTER,LOAD,138 KV,39.62,-84.16,"Centerville, OH",,,
48934031,DAYTON POWER & LIGHT CO,DAY,09ESIDNY,LOAD,138 KV,40.29,-84.13,"Sidney, OH (East)",,,
48934033,OHIO POWER CO,DAY,09GIVENS,LOAD,138 KV,39.02,-83.02,"Piketon, OH (Givens Switch)",,,
48934035,DAYTON POWER & LIGHT CO,DAY,09MECHAN,LOAD,138 KV,40.07,-83.55,"Mechanicsburg, OH",,,
48934039,DAYTON POWER & LIGHT CO,DAY,09QUINCY,LOAD,138 KV,40.29,-83.97,"Quincy, OH",,,
48934043,OHIO EDISON CO,DAY,09SPRING,LOAD,138 KV,39.92,-83.8,"Springfield, OH",,,
48934049,DAYTON POWER & LIGHT CO,DAY,WATK TAP,LOAD,138 KV,40.22,-83.28,Marysville (Watkins),,,
48934053,OHIO POWER CO,DAY,09WYANA,LOAD,138 KV,40.83,-83.27,Upper Sandusky (Wyandot A),,,
48934083,DUKE ENERGY OHIO INC,DAY,MIDD DAY,LOAD,138 KV,39.51,-84.4,Middletown (AES Ohio Side),,,
53048689,JERSEY CENTRAL POWER & LT CO,JCPL,WILL JC,LOAD,230 KV,40.74,-74.38,Chatham / Summit (Willow),,,
53048699,DELMARVA POWER,DPL,HOCKESIN,LOAD,138 KV,39.78,-75.7,"Hockessin, DE",,,
55578547,WEST PENN POWER COMPANY,DUQ,CALIFDUQ,LOAD,138 KV,40.06,-79.89,"California, PA (Washington Co)",,,
56783061,COMMONWEALTH EDISON CO,COMED,NAPERVILLE,LOAD,138 KV,41.75,-88.15,"Naperville, IL",,,
57967459,PUBLIC SERVICE ELEC & GAS CO,PSEG,WESTFIEL,LOAD,230 KV,40.65,-74.35,Westfield,,,
57967553,DUQUESNE LIGHT CO,DUQ,CRES DUQ,LOAD,138 KV,40.55,-80.22,Crescent Township,,,
57967553,PENNSYLVANIA POWER CO,DUQ,CRES DUQ,LOAD,138 KV,40.55,-80.22,Crescent Township,,,
57967557,DUQUESNE LIGHT CO,DUQ,HIGH DUQ,LOAD,138 KV,40.48,-79.91,Pittsburgh (Highland Park),,,
57967557,PENNSYLVANIA POWER CO,DUQ,HIGH DUQ,LOAD,138 KV,40.48,-79.91,Pittsburgh (Highland Park),,,
61482107,PPL ELECTRIC UTILITIES CORP,PPL,ATT,LOAD,138 KV,40.65,-75.45,Allentown (AT&T / Ind),,,
61482111,PPL ELECTRIC UTILITIES CORP,PPL,BURLE,LOAD,138 KV,40.62,-75.45,Allentown Area,,,
61482115,PPL ELECTRIC UTILITIES CORP,PPL,CATA TP,LOAD,138 KV,40.65,-75.4,Catasauqua,,,
61482119,PPL ELECTRIC UTILITIES CORP,PPL,CEALALL,LOAD,138 KV,40.6,-75.45,Central Allentown,,,
61482123,PPL ELECTRIC UTILITIES CORP,PPL,CRCKRPRT,LOAD,138 KV,40.62,-75.52,Crackersport / Walbert,,,
61482129,PPL ELECTRIC UTILITIES CORP,PPL,DONNELLE,LOAD,138 KV,40.05,-76.35,Lancaster Area,,,
61482131,PPL ELECTRIC UTILITIES CORP,PPL,DONNERVL,LOAD,138 KV,40.05,-76.38,Millersville / Donnerville,,,
61482135,PPL ELECTRIC UTILITIES CORP,PPL,DONNGRAV,LOAD,138 KV,40.08,-76.35,East Petersburg,,,
61482137,PPL ELECTRIC UTILITIES CORP,PPL,DORNYVLE,LOAD,138 KV,40.58,-75.52,Dorneyville / South Whitehall,,,
61482141,PPL ELECTRIC UTILITIES CORP,PPL,E ALLENT,LOAD,138 KV,40.62,-75.42,East Allentown,,,
61482145,PPL ELECTRIC UTILITIES CORP,PPL,EGYPT,LOAD,138 KV,40.68,-75.52,Whitehall / Egypt,,,
61482149,PPL ELECTRIC UTILITIES CORP,PPL,ELANCAST,LOAD,138 KV,40.04,-76.25,East Lancaster,,,
61482155,PPL ELECTRIC UTILITIES CORP,PPL,LANCAIRP,LOAD,138 KV,40.12,-76.3,Lancaster Airport / Lititz,,,
61482157,PPL ELECTRIC UTILITIES CORP,PPL,LEOLA,LOAD,138 KV,40.08,-76.15,Leola / Upper Leacock,,,
61482165,PPL ELECTRIC UTILITIES CORP,PPL,NBRIDGEP,LOAD,138 KV,40.65,-75.48,North Bridgeport,,,
61482169,PPL ELECTRIC UTILITIES CORP,PPL,PRINCEPL,LOAD,138 KV,40.08,-76.32,Lancaster (Prince St),,,
61482177,PPL ELECTRIC UTILITIES CORP,PPL,ROHRSTOW,LOAD,138 KV,40.05,-76.38,Rohrerstown,,,
61482181,PPL ELECTRIC UTILITIES CORP,PPL,TANNERSV,LOAD,138 KV,41.04,-75.3,Tannersville (Poconos),,,
61482183,PPL ELECTRIC UTILITIES CORP,PPL,S WHI,LOAD,138 KV,40.6,-75.5,South Whitehall,,,
61482187,PPL ELECTRIC UTILITIES CORP,PPL,SCHNCKVL,LOAD,138 KV,40.65,-75.6,Schnecksville,,,
61482191,PPL ELECTRIC UTILITIES CORP,PPL,SUMNER,LOAD,138 KV,40.62,-75.48,Allentown (Sumner Ave),,,
61482223,OUT_OF_TERRITORY,RECO,CRESSKIL,LOAD,69 KV,40.94,-73.96,Cresskill,,,
61482227,ROCKLAND ELECTRIC CO,RECO,DARLNGTO,LOAD,138 KV,41.07,-74.17,Darlington (Ramsey/Mahwah),,,
61482275,JERSEY CENTRAL POWER & LT CO,JCPL,PARLIN,GEN,230 KV,40.45,-74.3,Sayreville / Parlin (DuPont Area),,,
61482289,ATLANTIC CITY ELECTRIC CO,AECO,DENNIS,LOAD,69 KV,39.2,-74.8,Dennis Township,,,
62871513,VIRGINIA ELECTRIC & POWER CO,DOM,BRISTERS,EHV,500 KV,38.62,-77.7,Fauquier Co (Major Hub),,,
62871515,THE POTOMAC EDISON COMPANY,DOM,GREENLAND GAP,EHV,500 KV,39.15,-79.15,"Grant County, WV",,,
63381171,BALTIMORE GAS & ELECTRIC CO,BGE,EDGEWOO1,LOAD,34.5 KV,39.42,-76.29,Edgewood,,,
63381175,BALTIMORE GAS & ELECTRIC CO,BGE,HARFORD,LOAD,34.5 KV,39.38,-76.54,Parkville / Harford Rd,,,
63381185,CLEVELAND ELECTRIC ILLUM CO,ATSI,HIGHLAND,LOAD,138 KV,41.55,-81.45,"Highland Heights, OH",,,
63381209,BALTIMORE GAS & ELECTRIC CO,BGE,MARTT HL,LOAD,34.5 KV,39.35,-76.9,Marriottsville (Marriotts Hill),,,
63381271,OHIO POWER CO,AEP,MALISZEW,EHV,765 KV,40,-82.9,"Columbus, OH (Maliszewski)",,,
65732043,BALTIMORE GAS & ELECTRIC CO,BGE,BUENAVIS,LOAD,34.5 KV,39.38,-76.65,Lake Roland / Bare Hills Area,,,
65732051,BALTIMORE GAS & ELECTRIC CO,BGE,CRYSTLSP,LOAD,34.5 KV,38.98,-76.52,Annapolis (Crystal Spring),,,
67165681,ATLANTIC CITY ELECTRIC CO,AECO,ORCHARD,LOAD,230 KV,39.63,-75.25,Upper Pittsgrove,,,
67719527,BALTIMORE GAS & ELECTRIC CO,BGE,SHAWANRD,LOAD,34.5 KV,39.49,-76.66,Hunt Valley / Cockeysville,,,
71856465,OUT_OF_TERRITORY,AECO,SHERMAN,LOAD,138 KV,39.48,-75.05,Vineland (Sherman Ave),,,
71856471,MONONGAHELA POWER CO,APS,CHTLAKE,LOAD,138 KV,39.66,-79.85,"Cheat Lake, WV",,,
71856475,THE POTOMAC EDISON COMPANY,APS,FREDERIC,LOAD,230 KV,39.41,-77.41,"Frederick, MD",,,
74008593,PECO ENERGY CO,PECO,TUNNEL,LOAD,230 KV,39.95,-75.18,Philadelphia (Schuylkill/Center City),,,
74008597,PPL ELECTRIC UTILITIES CORP,PPL,GILBERTT,LOAD,138 KV,40.82,-76.22,Gilberton (Schuylkill Co),,,
74008599,PPL ELECTRIC UTILITIES CORP,PPL,MCMICHLS,LOAD,138 KV,40.95,-75.4,McMichaels / Chestnuthill,,,
74008671,PENNSYLVANIA POWER CO,DUQ,KOPPELST,LOAD,138 KV,40.82,-80.32,Koppel (Steel Plant),,,
74008673,DUQUESNE LIGHT CO,DUQ,SEWICKLY,LOAD,138 KV,40.54,-80.18,"Sewickley, PA",,,
74008673,PENNSYLVANIA POWER CO,DUQ,SEWICKLY,LOAD,138 KV,40.54,-80.18,"Sewickley, PA",,,
77260083,MONONGAHELA POWER CO,APS,NORTH LONGVIEW,EHV,500 KV,39.7,-80,"Maidsville, WV",,,
83734251,PPL ELECTRIC UTILITIES CORP,PPL,BRTNSVIL,LOAD,138 KV,41.02,-75.28,Bartonsville / Stroudsburg,,,
83734331,ROCKLAND ELECTRIC CO,RECO,MACARTHR,LOAD,138 KV,41.09,-74.18,Mahwah (MacArthur Blvd),,,
87901495,BALTIMORE GAS & ELECTRIC CO,BGE,NORTHPT,LOAD,34 KV,39.28,-76.45,Edgemere / North Point,,,
87901505,DELMARVA POWER,DPL,CONAWAY,LOAD,138 KV,38.95,-76,"Queen Anne's Co, MD",,,
87901521,THE TOLEDO EDISON CO,ATSI,DAVISBES,GEN,345 KV,41.6,-83.08,Oak Harbor (Nuclear Plant),,,
93353717,THE TOLEDO EDISON CO,ATSI,DELTA,LOAD,138 KV,41.57,-84,"Delta, OH",,,
93353725,CLEVELAND ELECTRIC ILLUM CO,ATSI,EASTLAKE,GEN,138 KV,41.67,-81.43,"Eastlake, OH",,,
93353811,COMMONWEALTH EDISON CO,COMED,KENDALL,GEN,345 KV,41.55,-88.4,Minooka (Gen Station),,,
98369885,JERSEY CENTRAL POWER & LT CO,JCPL,TEWKSBRY,LOAD,230 KV,40.7,-74.75,Tewksbury / Califon,,,
98369947,OHIO POWER CO,AEP,ZANESVIL,LOAD,138 KV,39.94,-82.01,"Zanesville, OH",,,
98370035,OHIO EDISON CO,ATSI,BOARDMAN,LOAD,138 KV,41.02,-80.66,"Boardman/Youngstown, OH",,,
98370293,CLEVELAND ELECTRIC ILLUM CO,ATSI,WICKLIFF,LOAD,138 KV,41.6,-81.48,"Wickliffe, OH",,,
98370523,OHIO EDISON CO,ATSI,BEAVER,LOAD,138 KV,41.4,-82.15,"Lorain County, OH",,,
106856735,METROPOLITAN EDISON CO,PPL,NSTRDSBG,LOAD,138 KV,41,-75.18,North Stroudsburg,,,
106856739,METROPOLITAN EDISON CO,PPL,STRDSBG,LOAD,138 KV,40.98,-75.2,Stroudsburg,,,
106856755,OHIO POWER CO,AEP,CANTON,LOAD,138 KV,40.79,-81.37,"Canton, OH",,,
106856755,OHIO POWER CO,ATSI,CANTON,LOAD,138 KV,40.8,-81.37,"Canton, OH",,,
106856783,DAYTON POWER & LIGHT CO,DAY,MILCREEK,LOAD,138 KV,40.25,-83.4,Marysville (Honda / Mill Creek),,,
106856785,DUQUESNE LIGHT CO,DUQ,FORBES,LOAD,138 KV,40.44,-79.96,Pittsburgh (Oakland / Uptown),,,
106856785,PENNSYLVANIA POWER CO,DUQ,FORBES,LOAD,138 KV,40.44,-79.96,Pittsburgh (Oakland / Uptown),,,
112585947,DELMARVA POWER,DPL,FARMVIEW,LOAD,138 KV,39.6,-75.7,Newark / Bear Area,,,
112586143,JERSEY CENTRAL POWER & LT CO,JCPL,SAYRECON,LOAD,230 KV,40.46,-74.32,Sayreville (Converter Station),,,
112586163,PUBLIC SERVICE ELEC & GAS CO,PSEG,ROSELAND,GEN,230 KV,40.82,-74.29,Roseland (Major Switching Station),,,
119117431,JERSEY CENTRAL POWER & LT CO,JCPL,ILIFF,LOAD,230 KV,41.08,-74.72,Andover / Newton Area,,,
119117541,DUKE ENERGY KENTUCKY,DEOK,08ASHLD7,LOAD,138 KV,39.07,-84.5,"Covington/Latonia, KY (Ashland)",,,
119117565,OUT_OF_TERRITORY,DEOK,08CNSTNC,LOAD,138 KV,39.06,-84.72,"Constance/Hebron, KY",,,
119117573,DUKE ENERGY KENTUCKY,DEOK,08COLDSP,LOAD,138 KV,39.02,-84.43,"Cold Spring, KY",,,
119117577,DUKE ENERGY OHIO INC,DEOK,08COOPER,LOAD,138 KV,39.23,-84.4,"Blue Ash, OH (Cooper Rd)",,,
119117595,DUKE ENERGY OHIO INC,DEOK,08EBNZR5,LOAD,138 KV,39.16,-84.66,"Green Twp/Ebenezer, OH",,,
119117605,DUKE ENERGY OHIO INC,DEOK,08EMWOD1,LOAD,138 KV,39.17,-84.49,"Elmwood Place, OH",,,
119117607,DUKE ENERGY OHIO INC,DEOK,08EVNDL2,LOAD,138 KV,39.24,-84.44,"Evendale, OH (Industrial)",,,
119117631,DUKE ENERGY OHIO INC,DEOK,FELDMAN,LOAD,138 KV,39.25,-84.48,Arlington Heights/Reading,,,
119117637,DUKE ENERGY OHIO INC,DEOK,FINNEYTN,LOAD,138 KV,39.21,-84.52,"Finneytown, OH",,,
119117643,DUKE ENERGY KENTUCKY,DEOK,FLORNCE,LOAD,138 KV,38.98,-84.63,"Florence, KY",,,
119117649,DUKE ENERGY OHIO INC,DEOK,08FRFLD1,LOAD,138 KV,39.34,-84.55,"Fairfield, OH",,,
119117661,DUKE ENERGY OHIO INC,DEOK,08HALL1,LOAD,138 KV,39.18,-84.65,Monfort Heights/Hall Rd,,,
119117701,DUKE ENERGY OHIO INC,DEOK,08OAKLEY,LOAD,138 KV,39.15,-84.42,Cincinnati (Oakley),,,
119117719,DUKE ENERGY OHIO INC,DEOK,08SMRSD1,LOAD,138 KV,39.1,-84.28,"Summerside/Eastgate, OH",,,
119117723,DUKE ENERGY OHIO INC,DEOK,08TBSCO1,LOAD,138 KV,39.06,-84.28,"Tobasco, OH",,,
119117729,DUKE ENERGY KENTUCKY,DEOK,08UNION,LOAD,138 KV,38.95,-84.67,"Union, KY",,,
119117737,DUKE ENERGY OHIO INC,DEOK,08WARREN,LOAD,138 KV,39.35,-84.25,Warren County (South),,,
119117743,DUKE ENERGY KENTUCKY,DEOK,08WLDER1,LOAD,138 KV,39.07,-84.49,"Wilder, KY",,,
119117755,DUKE ENERGY OHIO INC,DEOK,ARMCO_1C,LOAD,138 KV,39.49,-84.39,Middletown (Cleveland-Cliffs),,,
119117759,DUKE ENERGY OHIO INC,DEOK,AUGTINE,LOAD,138 KV,39.55,-84.35,Franklin/Middletown Area,,,
119117763,DUKE ENERGY OHIO INC,DEOK,BECKET,LOAD,138 KV,39.36,-84.42,West Chester (Beckett Ridge),,,
119117783,DUKE ENERGY KENTUCKY,DEOK,BELVUE,LOAD,138 KV,39.1,-84.48,"Bellevue/Newport, KY",,,
119117787,DUKE ENERGY OHIO INC,DEOK,BETHNY,LOAD,138 KV,39.38,-84.38,Liberty Twp/Bethany,,,
119117795,DUKE ENERGY KENTUCKY,DEOK,BUFFINGT,LOAD,138 KV,38.95,-84.65,"Union/Buffington, KY",,,
119117803,DAYTON POWER & LIGHT CO,DEOK,CEDARVIL,LOAD,138 KV,39.73,-83.8,"Cedarville, OH",,,
119117807,APPALACHIAN POWER CO,AEP,CHARLES,LOAD,138 KV,38.35,-81.63,"Charleston, WV",,,
119117807,DUKE ENERGY OHIO INC,DEOK,CHARLES,LOAD,138 KV,39.28,-84.45,Sharonville (Charles St),,,
119117815,DAYTON POWER & LIGHT CO,DEOK,CLINTONC,LOAD,138 KV,39.45,-83.8,Wilmington/Clinton County,,,
119117817,DUKE ENERGY OHIO INC,DEOK,CORNELL,LOAD,138 KV,39.26,-84.36,Blue Ash/Cornell Rd,,,
119117825,DUKE ENERGY KENTUCKY,DEOK,CRESCNT,LOAD,138 KV,39.05,-84.55,"Crescent Springs, KY",,,
119117829,DUKE ENERGY OHIO INC,DEOK,CUMMIVL,LOAD,138 KV,39.16,-84.54,Cincinnati (Cumminsville),,,
119117835,DUKE ENERGY KENTUCKY,DEOK,DAYTON76,LOAD,138 KV,39.11,-84.47,"Dayton, KY (Riverfront)",,,
119117837,DUKE ENERGY OHIO INC,DEOK,DEER_PRK,LOAD,138 KV,39.2,-84.4,"Deer Park, OH",,,
119117845,DUKE ENERGY OHIO INC,DEOK,DIMMICK,LOAD,138 KV,39.3,-84.42,West Chester (Dimmick Rd),,,
119117849,DUKE ENERGY KENTUCKY,DEOK,DONALDSN,LOAD,138 KV,39.03,-84.62,Erlanger (Donaldson Rd),,,
119117859,DUKE ENERGY OHIO INC,DEOK,EASTWOOD,LOAD,138 KV,39.14,-84.38,Cincinnati (Madisonville),,,
119117861,DUKE ENERGY OHIO INC,DEOK,FORD_BAT,LOAD,138 KV,39.08,-84.22,Batavia (Ford Plant),,,
119117865,DUKE ENERGY OHIO INC,DEOK,GLNVIEW,LOAD,138 KV,39.15,-84.63,Delhi/Glenway Area,,,
119117871,DUKE ENERGY OHIO INC,DEOK,GOLF_MNR,LOAD,138 KV,39.18,-84.45,"Golf Manor, OH",,,
119117873,DUKE ENERGY KENTUCKY,DEOK,HANDS,LOAD,138 KV,38.95,-84.55,"Independence, KY (Hands Pike)",,,
119117877,DUKE ENERGY KENTUCKY,DEOK,HEBRON1,LOAD,138 KV,39.06,-84.7,"Hebron, KY (Airport Area)",,,
119117883,DUKE ENERGY OHIO INC,DEOK,HENKEL,LOAD,138 KV,39.16,-84.5,St. Bernard (Chemical Plant),,,
119117887,DUKE ENERGY OHIO INC,DEOK,HILCRST2,LOAD,138 KV,39.19,-84.45,Cincinnati (Hillcrest),,,
119117891,DUKE ENERGY OHIO INC,DEOK,HUSTON,LOAD,138 KV,39.38,-84.65,Ross/Hamilton Area,,,
119117893,DUKE ENERGY OHIO INC,DEOK,KEMPER,LOAD,138 KV,39.28,-84.48,Springdale/Sharonville,,,
119117901,DUKE ENERGY OHIO INC,DEOK,KLEEMAN,LOAD,138 KV,39.12,-84.58,Cincinnati (Price Hill),,,
119117907,DUKE ENERGY KENTUCKY,DEOK,KY_UNIV,LOAD,138 KV,39.03,-84.46,Highland Heights (NKU),,,
119117911,DUKE ENERGY KENTUCKY,DEOK,LAFARGE,LOAD,138 KV,39.02,-84.4,Silver Grove (Industrial),,,
119117913,DUKE ENERGY OHIO INC,DEOK,LATERAL,LOAD,138 KV,39.18,-84.47,Norwood (Lateral Hwy),,,
119117923,DUKE ENERGY KENTUCKY,EKPC,LONGBRCH,LOAD,138 KV,38.95,-84.68,Union/Boone Co (Longbranch Rd),,,
119117925,DUKE ENERGY OHIO INC,DEOK,MAINEVIL,LOAD,138 KV,39.31,-84.22,"Maineville, OH",,,
119117927,DUKE ENERGY OHIO INC,DEOK,MAPLKNOL,LOAD,138 KV,39.28,-84.46,Springdale (Maple Knoll),,,
119117931,DUKE ENERGY OHIO INC,DEOK,METR_SEW,LOAD,138 KV,39.1,-84.55,Cincinnati (MSD/River),,,
119117953,DUKE ENERGY OHIO INC,DEOK,MIDWAY2,LOAD,138 KV,39.12,-84.6,Cincinnati (Western Hills),,,
119117957,DUKE ENERGY OHIO INC,DEOK,MILLIKIN,LOAD,138 KV,39.38,-84.52,Liberty Twp (Millikin Rd),,,
119117963,DUKE ENERGY OHIO INC,DEOK,MONTGMRY,LOAD,138 KV,39.23,-84.35,"Montgomery, OH",,,
119117969,DUKE ENERGY OHIO INC,DEOK,MRGAN,LOAD,138 KV,39.3,-84.7,"Morgan Twp, OH",,,
119117973,DUKE ENERGY OHIO INC,DEOK,MT_HELTY,LOAD,138 KV,39.23,-84.55,"Mt. Healthy, OH",,,
119117977,DUKE ENERGY KENTUCKY,DEOK,MT_ZION1,LOAD,138 KV,38.95,-84.62,"Union/Mt Zion, KY",,,
119117979,DUKE ENERGY OHIO INC,DEOK,MULHAUSR,LOAD,138 KV,39.32,-84.45,West Chester (Mulhauser),,,
119117985,DUKE ENERGY OHIO INC,DEOK,NEWTWN,LOAD,138 KV,39.12,-84.35,"Newtown, OH",,,
119117993,DUKE ENERGY OHIO INC,DEOK,OBANNONV,LOAD,138 KV,39.22,-84.25,Loveland/Goshen Area,,,
119117995,DUKE ENERGY KENTUCKY,DEOK,PARKCGE,LOAD,138 KV,39.08,-84.52,Park Hills/Covington,,,
119118001,DUKE ENERGY OHIO INC,DEOK,PORTUNIO,LOAD,138 KV,39.33,-84.48,Port Union/West Chester,,,
119118005,DUKE ENERGY OHIO INC,DEOK,QUEENSG,LOAD,138 KV,39.11,-84.54,Cincinnati (Queensgate Yard),,,
119118009,DUKE ENERGY OHIO INC,DEOK,REMINGT,LOAD,138 KV,39.22,-84.32,Remington/Indian Hill,,,
119118015,DUKE ENERGY OHIO INC,DEOK,ROCKIES,LOAD,138 KV,39.35,-84.3,Warren Co (Pipeline Load),,,
119118019,OUT_OF_TERRITORY,DEOK,SCP_EAST,LOAD,138 KV,38.8,-84.2,"Foster, KY (Spurlock Area)",,,
119118021,DUKE ENERGY OHIO INC,DEOK,SIMPSON,LOAD,138 KV,39.25,-84.55,Forest Park/Greenhills,,,
119118033,DUKE ENERGY OHIO INC,DEOK,SOCIALVL,LOAD,138 KV,39.32,-84.32,Mason (Socialville-Foster),,,
119118037,DUKE ENERGY OHIO INC,DEOK,SWARD,LOAD,138 KV,39.38,-84.55,Hamilton/Fairfield Area,,,
119118045,DUKE ENERGY OHIO INC,DEOK,TWENTY_M,LOAD,138 KV,39.28,-84.28,Landen/Twenty Mile Stand,,,
119118049,DUKE ENERGY OHIO INC,DEOK,WARDS_C,LOAD,138 KV,39.2,-84.28,Miamiville/Wards Corner,,,
119118059,DUKE ENERGY OHIO INC,DEOK,WILLEY,LOAD,138 KV,39.25,-84.65,New Haven/Fernald Area,,,
119118061,DUKE ENERGY KENTUCKY,DEOK,YORK77,LOAD,138 KV,39.05,-84.5,Newport/York St,,,
119118187,PUBLIC SERVICE ELEC & GAS CO,PSEG,SADDLEBR,GEN,230 KV,40.9,-74.08,Saddle Brook,,,
123900897,BALTIMORE GAS & ELECTRIC CO,BGE,BAGLEY,LOAD,34 KV,39.53,-76.4,Bagley / Fallston (Harford Co),,,
123900937,COMMONWEALTH EDISON CO,COMED,DRESDEN,GEN,345 KV,41.38,-88.27,Morris (Nuclear Plant),,,
123900937,OHIO POWER CO,AEP,DRESDEN,GEN,138 KV,40.12,-82.01,"Dresden, OH",,,
123900967,VIRGINIA ELECTRIC & POWER CO,DOM,BRIERY,LOAD,230 KV,37.18,-78.43,Keysville / Farmville Area,,,
123901037,OUT_OF_TERRITORY,ATSI,NORTHFLD,LOAD,138 KV,41.35,-81.53,"Northfield, OH",,,
135388723,CLEVELAND ELECTRIC ILLUM CO,ATSI,WESTLAKE,LOAD,138 KV,41.45,-81.92,"Westlake, OH",,,
135388865,OUT_OF_TERRITORY,AEP,JEFFERSN,EHV,765 KV,38.6,-85.5,"Madison, IN",,,
135388901,THE TOLEDO EDISON CO,ATSI,MAUMEE,LOAD,138 KV,41.56,-83.65,"Maumee, OH",,,
135389007,OHIO POWER CO,AEP,TRIMBLE,LOAD,345 KV,39.58,-82.08,"Glouster, OH",,,
135389799,THE POTOMAC EDISON COMPANY,APS,CATOCTIN,GEN,138 KV,39.6,-77.45,"Thurmont, MD",,,
135389813,VIRGINIA ELECTRIC & POWER CO,DOM,CARSON4,GEN,230 KV,37.05,-77.42,Dinwiddie (Peaker Plant),,,
1067157851,PENNSYLVANIA ELECTRIC CO,PENELEC,CANYON,LOAD,230 KV,41.85,-77.45,Tioga County (Wellsboro Area),,,
1067157851,WELLSBOROUGH ELECTRIC CO,PENELEC,CANYON,LOAD,230 KV,41.85,-77.45,Tioga County (Wellsboro Area),,,
1067158356,DELMARVA POWER,DPL,BISHOP,LOAD,138 KV,38.45,-75.2,"Bishopville, MD (Worcester Co)",,,
1067158627,OUT_OF_TERRITORY,RECO,MONTVALE,LOAD,69 KV,41.05,-74.04,Montvale,,,
1067164550,DUKE ENERGY OHIO INC,DEOK,WHITTIER,LOAD,138 KV,39.13,-84.5,Cincinnati (Avondale/Zoo),,,
1084378594,PUBLIC SERVICE ELEC & GAS CO,PSEG,CEDARSUB,LOAD,230 KV,40.83,-74.23,Cedar Grove,,,
1084379157,PPL ELECTRIC UTILITIES CORP,PPL,APPENZLL,LOAD,138 KV,40.95,-75.35,Poconos (Appenzell),,,
1084379177,METROPOLITAN EDISON CO,PPL,BLUEMONT,LOAD,138 KV,40.85,-75.25,Blue Mountain / Wind Gap,,,
1084379226,PPL ELECTRIC UTILITIES CORP,PPL,EFFRTMTN,LOAD,138 KV,40.18,-76.18,Ephrata Area,,,
1084380610,DELMARVA POWER,DPL,ROXANA,LOAD,138 KV,38.48,-75.18,Roxana / Fenwick Island Area,,,
1084383446,KENTUCKY POWER CO,AEP,PIKEVILL,LOAD,138 KV,37.47,-82.51,"Pikeville, KY",,,
1097720675,PUBLIC SERVICE ELEC & GAS CO,PSEG,HCS,LOAD,230 KV,40.74,-74.06,Hudson Switching (Jersey City),,,
1097721203,PPL ELECTRIC UTILITIES CORP,PPL,ALLENTOW,LOAD,138 KV,40.6,-75.47,Allentown City,,,
1097722148,PENNSYLVANIA ELECTRIC CO,PENELEC,SCOTCHHO,LOAD,230 KV,40.48,-78.42,Altoona / Scotch Valley,,,
1097722369,ATLANTIC CITY ELECTRIC CO,AECO,DOROTHY,LOAD,138 KV,39.38,-74.9,Weymouth / Dorothy,,,
1097726620,VIRGINIA ELECTRIC & POWER CO,DOM,PRGEORGE,LOAD,230 KV,37.2,-77.25,Prince George County,,,
1097726960,VIRGINIA ELECTRIC & POWER CO,DOM,ELKRUNDP,LOAD,230 KV,37.75,-77.9,Mineral / Louisa,,,
1107276869,PUBLIC SERVICE ELEC & GAS CO,PSEG,BERGENFI,LOAD,230 KV,40.927,-74,Bergenfield,,,
1107277062,PUBLIC SERVICE ELEC & GAS CO,PSEG,CINNAMIN,LOAD,230 KV,40,-75,Cinnaminson,,,
1107277493,PPL ELECTRIC UTILITIES CORP,PPL,CHAPMAN,LOAD,230 KV,40.65,-75.6,Chapman / Fogelsville,,,
1107278767,DELMARVA POWER,DPL,BRANDYWN,LOAD,138 KV,39.81,-75.54,Wilmington (Brandywine Hundred),,,
1107282702,VIRGINIA ELECTRIC & POWER CO,DOM,CHURCHST,LOAD,230 KV,39.02,-77.45,Ashburn (Data Center),,,
1107283198,VIRGINIA ELECTRIC & POWER CO,DOM,BRAMBLET,LOAD,230 KV,38.98,-77.53,Brambleton (Data Center Alley),,,
1107283555,VIRGINIA ELECTRIC & POWER CO,DOM,HYDROAD,LOAD,230 KV,38.06,-78.5,Charlottesville (Hydraulic Rd),,,
1107289152,JERSEY CENTRAL POWER & LT CO,JCPL,MANALAPA,GEN,230 KV,40.28,-74.35,Manalapan (Gordons Corner),,,
1107333036,OUT_OF_TERRITORY,DOM,FRONT ROYAL,EHV,500 KV,38.9,-78.2,Warren County (Gen Hub),,,
1123166479,PUBLIC SERVICE ELEC & GAS CO,PSEG,METUCHEN,LOAD,230 KV,40.54,-74.36,Metuchen,,,
1123167051,PPL ELECTRIC UTILITIES CORP,PPL,EPETERSB,LOAD,138 KV,40.1,-76.35,East Petersburg,,,
1123167132,PPL ELECTRIC UTILITIES CORP,PPL,NEFFSVIL,LOAD,138 KV,40.1,-76.3,Neffsville / Manheim Twp,,,
1123167136,PPL ELECTRIC UTILITIES CORP,PPL,PARKCITY,LOAD,138 KV,40.06,-76.32,Lancaster (Park City Mall),,,
1123167151,PPL ELECTRIC UTILITIES CORP,PPL,ROSEVILL,LOAD,138 KV,40.08,-76.3,Lancaster (Roseville),,,
1123167590,JERSEY CENTRAL POWER & LT CO,JCPL,NEWPROSP,LOAD,230 KV,40.12,-74.3,Jackson (New Prospect),,,
1123171334,OUT_OF_TERRITORY,ATSI,RICHLAND,LOAD,138 KV,41.3,-84,Defiance Area,,,
1123172660,VIRGINIA ELECTRIC & POWER CO,DOM,ARCOLA,LOAD,230 KV,38.95,-77.52,Dulles/Arcola (Data Center Hub),,,
1123174730,OUT_OF_TERRITORY,EKPC,BAVARIAN,LOAD,138 KV,38.85,-84.62,"Walton, KY (Bavarian Landfill/Ind)",,,
1123174778,OUT_OF_TERRITORY,EKPC,CRANSTOP,LOAD,138 KV,38.32,-83.5,Cranston / Morehead Area,,,
1123174796,OUT_OF_TERRITORY,EKPC,FLMINSBG,LOAD,138 KV,38.42,-83.73,"Flemingsburg, KY",,,
1123174807,OUT_OF_TERRITORY,EKPC,GALLATIN,LOAD,138 KV,38.78,-84.8,"Ghent, KY (Nucor Steel Gallatin)",,,
1123174824,DUKE ENERGY KENTUCKY,EKPC,HEBRN_EK,LOAD,138 KV,39.06,-84.7,"Hebron, KY (near CVG Airport)",,,
1123174838,OHIO POWER CO,EKPC,INLANDCO,LOAD,138 KV,38.65,-83.75,Maysville (Inland Container/Paper),,,
1123174841,OUT_OF_TERRITORY,EKPC,JACKSNVL,LOAD,138 KV,38.28,-84.38,Jacksonville (Bourbon County),,,
1123174887,OUT_OF_TERRITORY,EKPC,MYSVL_EK,LOAD,138 KV,38.65,-83.76,"Maysville, KY",,,
1123174925,DUKE ENERGY KENTUCKY,EKPC,RICHWOOD,LOAD,138 KV,38.92,-84.62,Richwood/Walton (Industrial),,,
1123174949,OUT_OF_TERRITORY,EKPC,SPURLOCK,LOAD,138 KV,38.7,-83.8,Maysville (Spurlock Power Station),,,
1123174957,OUT_OF_TERRITORY,EKPC,STRLG_EK,LOAD,138 KV,38.06,-83.94,"Mt. Sterling, KY",,,
1123174968,OUT_OF_TERRITORY,EKPC,THREFRKS,LOAD,138 KV,37.58,-83.68,Beattyville (Three Forks / Lee Co),,,
1123174975,DUKE ENERGY KENTUCKY,EKPC,UNION_EK,LOAD,138 KV,38.95,-84.67,"Union, KY (Boone County)",,,
1123175769,OUT_OF_TERRITORY,EKPC,SHARKEY,LOAD,138 KV,38.25,-83.45,Sharkey (Rowan/Fleming Line),,,
1132280416,PUBLIC SERVICE ELEC & GAS CO,PSEG,WORANGE,LOAD,230 KV,40.78,-74.25,West Orange,,,
1132287339,OHIO EDISON CO,ATSI,BLACKRIV,LOAD,138 KV,41.45,-82.16,"Lorain (Black River), OH",,,
1165466877,PUBLIC SERVICE ELEC & GAS CO,PSEG,LEVITTOW,LOAD,230 KV,40.03,-74.89,Willingboro (Formerly Levittown),,,
1183218440,PUBLIC SERVICE ELEC & GAS CO,PSEG,WCALDWEL,LOAD,230 KV,40.85,-74.28,West Caldwell,,,
1207074967,VIRGINIA ELECTRIC & POWER CO,DOM,MOSBY,GEN,500 KV,39,-77.5,Loudoun (Data Center Hub),,,
1218900403,PUBLIC SERVICE ELEC & GAS CO,PSEG,NEWDOVER,LOAD,230 KV,40.57,-74.36,Edison (New Dover),,,
1218901591,JERSEY CENTRAL POWER & LT CO,JCPL,TAYLORLN,LOAD,230 KV,40.38,-74.1,Middletown (Taylor Lane),,,
1218902327,DELMARVA POWER,DPL,CARTANZA,LOAD,230 KV,39.15,-75.5,Little Creek / Dover Area,,,
1218906801,VIRGINIA ELECTRIC & POWER CO,DOM,ELIZRIV,LOAD,230 KV,36.8,-76.3,Chesapeake (Elizabeth River),,,
1218908245,OHIO EDISON CO,ATSI,ELYRIA,LOAD,138 KV,41.37,-82.1,"Elyria, OH",,,
1218933536,JERSEY CENTRAL POWER & LT CO,PSEG,HOPATCON,EHV,500 KV,40.93,-74.66,Hopatcong,,,
1248985238,VIRGINIA ELECTRIC & POWER CO,DOM,AIRPORT,LOAD,230 KV,37.52,-77.33,Richmond Intl Airport (Sandston),,,
1268558220,CITIZENS ELECTRIC CO - (PA),PPL,LEWISBRG,LOAD,69 KV,40.9645,-76.8844,Lewisburg (Citizens Elec),,,
1268565926,DUKE ENERGY KENTUCKY,DEOK,SILVERGR,LOAD,138 KV,39.02,-84.4,"Silver Grove, KY",,,
1292900934,PUBLIC SERVICE ELEC & GAS CO,PSEG,FANWOOD,LOAD,230 KV,40.64,-74.38,Fanwood,,,
1292909484,DUKE ENERGY OHIO INC,DEOK,WEST_END,LOAD,138 KV,39.11,-84.53,Cincinnati (West End),,,
1305116264,PUBLIC SERVICE ELEC & GAS CO,PSEG,HOMESTEA,LOAD,230 KV,40.8,-74.02,North Bergen (Homestead),,,
1305116673,PECO ENERGY CO,PECO,MASTER,LOAD,230 KV,39.97,-75.16,Philadelphia (North Philly),,,
1305122044,COMMONWEALTH EDISON CO,COMED,DIXON,LOAD,138 KV,41.84,-89.48,"Dixon, IL",,,
1305122598,VIRGINIA ELECTRIC & POWER CO,DOM,POLYESTR,LOAD,230 KV,37.3,-77.28,Hopewell (Chemical Plant),,,
1305122898,VIRGINIA ELECTRIC & POWER CO,DOM,RUNWAYDP,LOAD,230 KV,38.95,-77.45,Dulles (Runway / Data Center),,,
1305124809,DUKE ENERGY OHIO INC,DEOK,ENYART,LOAD,138 KV,39.28,-84.32,Symmes Twp (Enyart Rd),,,
1318132019,PUBLIC SERVICE ELEC & GAS CO,RECO,SUMMITAV,LOAD,69 KV,41.03,-74.07,Woodcliff Lake / Montvale,,,
1318136564,VIRGINIA ELECTRIC & POWER CO,DOM,RAILRDDP,LOAD,230 KV,36.85,-76.35,Portsmouth (Railroad),,,
1338416122,PUBLIC SERVICE ELEC & GAS CO,PSEG,NBERGEN,LOAD,230 KV,40.8,-74.02,North Bergen,,,
1348249321,COMMONWEALTH EDISON CO,COMED,MAYWOOD,LOAD,138 KV,41.88,-87.84,"Maywood, IL",,,
1348254187,INDIANA MICHIGAN POWER CO,AEP,OLIVE,LOAD,345 KV,41.7,-86.35,"New Carlisle, IN",,,
1348256560,OHIO EDISON CO,ATSI,MEDINA,LOAD,138 KV,41.13,-81.86,"Medina, OH",,,
1348257149,OHIO EDISON CO,ATSI,MACEDONI,LOAD,138 KV,41.31,-81.5,"Macedonia, OH",,,
1356149123,PECO ENERGY CO,METED,WILLOWDR,LOAD,230 KV,40.25,-75.25,Montgomery Twp / North Wales,,,
1356162213,PUBLIC SERVICE ELEC & GAS CO,PSEG,WOODBRID,GEN,230 KV,40.55,-74.28,Woodbridge,,,
1356178173,PPL ELECTRIC UTILITIES CORP,PPL,BRNGSVIL,EHV,500 KV,40.55,-75.65,Breinigsville (Logistics Hub),,,
1356178175,VIRGINIA ELECTRIC & POWER CO,DOM,BRUNSSWY,EHV,500 KV,36.7,-77.85,Brunswick County (Gen Hub),,,
1356178177,PECO ENERGY CO,PECO,CENTERPT,EHV,500 KV,40.2,-75.35,Worcester Twp (Major Hub),,,
1356178183,VIRGINIA ELECTRIC & POWER CO,DOM,RAWLINGS,EHV,500 KV,36.95,-77.75,Brunswick County,,,
1356178187,OUT_OF_TERRITORY,DOM,SPOTSLV,EHV,500 KV,38.15,-77.55,Spotsylvania,,,
1356178191,OHIO POWER CO,AEP,VASSELL,LOAD,345 KV,40.05,-82.85,"New Albany, OH (Columbus Ring)",,,
1356178195,VIRGINIA ELECTRIC & POWER CO,DOM,GOOSECRE,EHV,500 KV,39.02,-77.5,Ashburn (Goose Creek),,,
1356178199,SOUTHERN MARYLAND ELEC COOP INC,PEPCO,CHELTENH,EHV,500 KV,38.72,-76.82,"Cheltenham / Clinton, MD",,,
1356178201,VIRGINIA ELECTRIC & POWER CO,DOM,SKFFSCRK,EHV,500 KV,37.18,-76.6,James City / Skiffes Creek,,,
1356178203,INDIANA MICHIGAN POWER CO,AEP,SORENSON,LOAD,345 KV,40.95,-85.2,"Roanoke, IN",,,
1368995966,OUT_OF_TERRITORY,PSEG,BAYWAY,LOAD,345 KV,40.634,-74.196,Linden (Refinery Area),,,
1368997912,POTOMAC ELECTRIC POWER CO,PEPCO,HARRISN,LOAD,138 KV,38.95,-77.08,Washington DC (Friendship Hgts),,,
1368999045,DUQUESNE LIGHT CO,APS,IMPERIAL,LOAD,138 KV,40.45,-80.25,"Imperial, PA",,,
1368999045,PENNSYLVANIA POWER CO,APS,IMPERIAL,LOAD,138 KV,40.45,-80.25,"Imperial, PA",,,
1379245240,VIRGINIA ELECTRIC & POWER CO,DOM,GRNSVIL,EHV,500 KV,36.6,-77.55,Greensville Co (Gen Station),,,
1379245506,VIRGINIA ELECTRIC & POWER CO,DOM,ROGERSRD,EHV,500 KV,36.65,-77.6,Emporia / Greensville,,,
1379247407,"UGI UTILITIES, INC",PPL,SHICKSHI,EHV,500 KV,41.15,-76.15,Shickshinny / Mocanaqua,,,
1379252847,PPL ELECTRIC UTILITIES CORP,PPL,8THST,LOAD,138 KV,40.05,-76.3,Lancaster City,,,
1379258551,VIRGINIA ELECTRIC & POWER CO,DOM,DOSWELL,LOAD,230 KV,37.8,-77.45,Hanover (Gen Station),,,
1379260994,OUT_OF_TERRITORY,EKPC,4BCKNRVT,LOAD,138 KV,38.38,-85.43,"Buckner, KY (Oldham County)",,,
1388604816,VIRGINIA ELECTRIC & POWER CO,DOM,ELKLCKDP,LOAD,230 KV,38.9,-77.5,Loudoun (Elk Lick),,,
1439638940,OHIO EDISON CO,ATSI,HUDSON,LOAD,138 KV,41.24,-81.44,"Hudson, OH",,,
1439638940,PUBLIC SERVICE ELEC & GAS CO,PSEG,HUDSON,LOAD,230 KV,40.73,-74.08,Jersey City (Gen Station),,,
1439641403,DELMARVA POWER,DPL,CREST,LOAD,230 KV,39.76,-75.5,Wilmington (Bellefonte),,,
1552832690,VIRGINIA ELECTRIC & POWER CO,DOM,VINTHLDP,LOAD,230 KV,38.75,-77.65,Vint Hill (Fauquier),,,
1666096443,PUBLIC SERVICE ELEC & GAS CO,PSEG,KEARNYSB,LOAD,230 KV,40.75,-74.1,Kearny,,,
1666099643,THE TOLEDO EDISON CO,ATSI,MIDWAY,LOAD,138 KV,41.6,-83.2,Oak Harbor/Midway,,,
1666107896,DUKE ENERGY OHIO INC,DEOK,PROVIDNT,LOAD,138 KV,39.25,-84.45,Sharonville (Provident),,,
1666738891,PENNSYLVANIA ELECTRIC CO,PENELEC,VINCO,EHV,500 KV,40.42,-78.85,Johnstown (Vinco Hub),,,
1775809766,DELMARVA POWER,DPL,CARVILLE,LOAD,138 KV,39.05,-76.05,"Centreville, MD (Queen Anne's Co)",,,
1775814977,VIRGINIA ELECTRIC & POWER CO,DOM,PORTUGEE,LOAD,230 KV,37.5,-77.35,Richmond (Portugee Rd),,,
1775815473,VIRGINIA ELECTRIC & POWER CO,DOM,LNTNHLDP,LOAD,230 KV,38.75,-77.58,Bristow (Linton Hall),,,
1775815474,VIRGINIA ELECTRIC & POWER CO,DOM,ATLNTCDP,LOAD,230 KV,36.85,-76.3,Norfolk (Atlantic City Area),,,
1775817613,DUKE ENERGY OHIO INC,DEOK,CLB_DEOK,LOAD,138 KV,39.11,-84.43,Cincinnati (Columbia),,,
1775817614,DUKE ENERGY OHIO INC,DEOK,SOUTHFMT,LOAD,138 KV,39.12,-84.55,Cincinnati (South Fairmont),,,
1869183644,CLEVELAND ELECTRIC ILLUM CO,ATSI,GLIDDEN,LOAD,138 KV,41.48,-81.67,Cleveland (Industrial),,,
2041967576,CLEVELAND ELECTRIC ILLUM CO,ATSI,PERRY,GEN,345 KV,41.8,-81.14,North Perry (Nuclear Plant),,,
2155501806,PUBLIC SERVICE ELEC & GAS CO,PSEG,MARIONDR,LOAD,230 KV,40.735,-74.07,Jersey City (Marion),,,
2155501824,PECO ENERGY CO,PECO,ROLL PE,LOAD,138 KV,40.25,-75.55,Limerick / Royersford Area,,,
2156109319,COMMONWEALTH EDISON CO,COMED,STERLING,LOAD,138 KV,41.78,-89.69,"Sterling, IL",,,
2156109332,VIRGINIA ELECTRIC & POWER CO,DOM,SPRUANCE,LOAD,230 KV,37.4,-77.4,Richmond (Spruance Plant),,,
2156109340,VIRGINIA ELECTRIC & POWER CO,DOM,SUMMITDP,LOAD,230 KV,38.25,-77.5,Spotsylvania (Summit),,,
2156109341,VIRGINIA ELECTRIC & POWER CO,DOM,PIONEER1,LOAD,230 KV,38.8,-77.6,Prince William (Data Center),,,
2156109577,VIRGINIA ELECTRIC & POWER CO,DOM,STNEWATR,LOAD,230 KV,38.98,-77.48,Loudoun (Stonewater),,,
2156109600,DUKE ENERGY OHIO INC,DEOK,AKSTL606,LOAD,138 KV,39.48,-84.38,Middletown (AK Steel East),,,
2156109602,DUKE ENERGY OHIO INC,DEOK,AKSTL602,LOAD,138 KV,39.48,-84.38,Middletown (AK Steel West),,,
2156109882,BALTIMORE GAS & ELECTRIC CO,BGE,FITZELL,LOAD,34.5 KV,39.24,-76.48,Dundalk / Sparrows Point,,,
2156109913,DAYTON POWER & LIGHT CO,DAY,HAAS,LOAD,138 KV,39.5,-83.5,Jeffersonville Area,,,
2156109920,VIRGINIA ELECTRIC & POWER CO,DOM,CATHARDP,LOAD,230 KV,38.85,-77.6,Haymarket / Catharpin,,,
2156110047,VIRGINIA ELECTRIC & POWER CO,DOM,HEATHCOT,GEN,230 KV,38.82,-77.65,Haymarket (Data Centers),,,
2156110110,PUBLIC SERVICE ELEC & GAS CO,PSEG,CHESTERF,LOAD,230 KV,40.13,-74.65,Chesterfield,,,
2156110131,JERSEY CENTRAL POWER & LT CO,JCPL,MANCHEST,LOAD,230 KV,40,-74.3,Manchester Twp,,,
2156110483,COMMONWEALTH EDISON CO,COMED,BLOOM,LOAD,138 KV,41.5,-87.63,Chicago Heights,,,
2156110490,DAYTON POWER & LIGHT CO,DAY,GEBHART,LOAD,138 KV,39.65,-84.25,Miamisburg (Gebhart Church),,,
2156110493,VIRGINIA ELECTRIC & POWER CO,DOM,CABINRUN,LOAD,230 KV,39.01,-77.4,Sterling / Loudoun,,,
2156110523,DUKE ENERGY OHIO INC,DEOK,AERO1,LOAD,138 KV,39.33,-84.53,Fairfield (Aero Hub),,,
2156110850,VIRGINIA ELECTRIC & POWER CO,DOM,EVRGREEN,LOAD,230 KV,38.98,-77.55,Leesburg (Evergreen Mills),,,
2156110853,DUQUESNE LIGHT CO,DUQ,RIAZZI,LOAD,138 KV,40.32,-79.92,Jefferson Hills / Pleasant Hills,,,
2156110853,PENNSYLVANIA POWER CO,DUQ,RIAZZI,LOAD,138 KV,40.32,-79.92,Jefferson Hills / Pleasant Hills,,,
2156111262,OHIO POWER CO,AEP,HAYDEN,LOAD,345 KV,40.05,-83.2,"Hilliard, OH",,,
2156111747,COMMONWEALTH EDISON CO,COMED,HARVEY,LOAD,138 KV,41.61,-87.65,"Harvey, IL",,,
2156111759,VIRGINIA ELECTRIC & POWER CO,DOM,ROLNSFRD,LOAD,230 KV,38.72,-77.6,Bristow (Rollins Ford),,,
2156111850,OHIO EDISON CO,ATSI,AMHERST,LOAD,138 KV,41.4,-82.22,"Amherst, OH",,,
2156111995,PENNSYLVANIA ELECTRIC CO,PENELEC,LEWISTOW,LOAD,230 KV,40.6,-77.58,Lewistown (Mifflin Co),,,
2156112166,DUKE ENERGY OHIO INC,DEOK,HALFACRE,LOAD,138 KV,39.05,-84.25,Batavia Area,,,
2156112258,VIRGINIA ELECTRIC & POWER CO,DOM,SOJOURNR,LOAD,230 KV,38.95,-77.5,Loudoun (Data Center),,,
2156112735,PUBLIC SERVICE ELEC & GAS CO,PSEG,MANSFLD,LOAD,230 KV,40.07,-74.7,Mansfield,,,
2156112798,POTOMAC ELECTRIC POWER CO,PEPCO,WATERFRO,LOAD,230 KV,38.87,-77.01,Washington DC (The Wharf),,,
2156113104,DAYTON POWER & LIGHT CO,DAY,AIRPORT2,LOAD,138 KV,39.9,-84.22,Dayton International Airport,,,
2156113208,VIRGINIA ELECTRIC & POWER CO,DOM,LAKEVIE4,GEN,230 KV,37.3,-77.3,Colonial Heights (Lakeview),,,
2156113356,VIRGINIA ELECTRIC & POWER CO,DOM,HOURGLAS,LOAD,230 KV,38.78,-77.55,Prince William (Data Center),,,
2156113551,METROPOLITAN EDISON CO,METED,KLECKNER,LOAD,230 KV,40.38,-76.45,Lebanon (Myerstown Area),,,
2156113581,POTOMAC ELECTRIC POWER CO,PEPCO,HARVARD,LOAD,230 KV,38.92,-77.02,Washington DC (Howard Univ Area),,,
2156113591,POTOMAC ELECTRIC POWER CO,PEPCO,MTVERPEP,LOAD,230 KV,38.9,-77.02,Washington DC (Mt Vernon Sq),,,
2156113637,VIRGINIA ELECTRIC & POWER CO,DOM,RACEFIEL,LOAD,230 KV,37.45,-77.05,New Kent / Providence Forge,,,
2156113708,VIRGINIA ELECTRIC & POWER CO,DOM,VALLEY4,GEN,230 KV,38.15,-78.95,Weyers Cave (Gen),,,
2156113715,VIRGINIA ELECTRIC & POWER CO,DOM,SHAWBORO,GEN,230 KV,36.4,-76.1,"Currituck, NC (Solar)",,,
2156113893,PENNSYLVANIA POWER CO,APS,WJEFERSN,LOAD,230 KV,40.28,-79.9,"Jefferson Hills, PA",,,
2156113893,WEST PENN POWER COMPANY,APS,WJEFERSN,LOAD,230 KV,40.28,-79.9,"Jefferson Hills, PA",,,
2156114080,DAYTON POWER & LIGHT CO,DAY,CREEKSID,LOAD,138 KV,39.68,-84,Xenia / Beavercreek,,,
2156114095,DUKE ENERGY OHIO INC,DEOK,NBEND,LOAD,138 KV,39.15,-84.75,"North Bend, OH",,,
2156114229,VIRGINIA ELECTRIC & POWER CO,DOM,CLOUD,LOAD,230 KV,39,-77.48,Ashburn (AWS Data Center),,,
2156114528,OUT_OF_TERRITORY,AEP,BENTON,LOAD,345 KV,42.11,-86.45,"Benton Harbor, MI",,,
2156114531,OUT_OF_TERRITORY,BGE,CLAREST,LOAD,34.5 KV,39.26,-76.63,Baltimore City (Westport/Clare St),,,
2156114539,VIRGINIA ELECTRIC & POWER CO,DOM,ALTAIR,LOAD,230 KV,38.96,-77.5,Loudoun Co (Data Center),,,
2156114584,PUBLIC SERVICE ELEC & GAS CO,PSEG,RANCOCAS,LOAD,230 KV,40,-74.85,Willingboro/Westampton,,,
2156114616,DAYTON POWER & LIGHT CO,DAY,FAYETTE2,LOAD,138 KV,39.53,-83.43,Washington Court House,,,
2156114617,DUKE ENERGY OHIO INC,DAY,FRANKLI5,LOAD,138 KV,39.56,-84.3,"Franklin, OH",,,
2156114626,VIRGINIA ELECTRIC & POWER CO,DOM,GODWINDP,LOAD,230 KV,36.85,-76.65,Suffolk (Godwin Blvd),,,
2156114661,PUBLIC SERVICE ELEC & GAS CO,PSEG,ECHELON,LOAD,230 KV,39.85,-75,Voorhees (Echelon),,,
2156114664,VIRGINIA ELECTRIC & POWER CO,DOM,TRAPROCK,LOAD,230 KV,39.1,-77.55,Leesburg (Data Center),,,
2156115317,PUBLIC SERVICE ELEC & GAS CO,PSEG,LIVINGPS,LOAD,230 KV,40.79,-74.32,Livingston,,,
2156115471,VIRGINIA ELECTRIC & POWER CO,DOM,NRTHSTAR,LOAD,230 KV,38.98,-77.48,Loudoun (Northstar Blvd),,,
2156115535,THE POTOMAC EDISON COMPANY,APS,CACAPONT,LOAD,138 KV,39.6,-78.2,"Great Cacapon, WV",,,
2156115655,THE POTOMAC EDISON COMPANY,DOM,HARPERS,GEN,230 KV,39.32,-77.75,Harpers Ferry Area,,,
2156115751,DUQUESNE LIGHT CO,DUQ,WATSON2,LOAD,138 KV,40.43,-79.99,Pittsburgh (Uptown/Downtown),,,
2156115751,PENNSYLVANIA POWER CO,DUQ,WATSON2,LOAD,138 KV,40.43,-79.99,Pittsburgh (Uptown/Downtown),,,
2156116406,VIRGINIA ELECTRIC & POWER CO,DOM,RIXLEW,LOAD,230 KV,38.75,-77.55,Manassas (Rixlew Ln),,,
2156116499,OUT_OF_TERRITORY,DOM,NEWPOST,LOAD,230 KV,38.2,-77.45,Spotsylvania (New Post),,,
2156116761,OUT_OF_TERRITORY,DEOK,ZIMMER2,LOAD,345 KV,38.865,-84.233,"Moscow, OH (Zimmer Plant)",,,
2156116762,DUKE ENERGY OHIO INC,DEOK,CAMP_WSH,LOAD,138 KV,39.13,-84.53,Cincinnati (Camp Washington),,,
2156116775,VIRGINIA ELECTRIC & POWER CO,DOM,HARPTAP,GEN,230 KV,37.1,-76.5,Newport News (Harper),,,
2156116852,PUBLIC SERVICE ELEC & GAS CO,PSEG,PENSAUKN,LOAD,230 KV,39.95,-75.05,Pennsauken,,,
2156117051,VIRGINIA ELECTRIC & POWER CO,DOM,TRIDENT,LOAD,230 KV,38.96,-77.45,Reston / Herndon,,,
2156117155,VIRGINIA ELECTRIC & POWER CO,DOM,LEESHILL,LOAD,230 KV,38.25,-77.5,Fredericksburg (Lees Hill),,,
2156117339,VIRGINIA ELECTRIC & POWER CO,DOM,FOSTERDR,LOAD,230 KV,39,-77.45,Loudoun (Data Center),,,
2156117485,VIRGINIA ELECTRIC & POWER CO,DOM,DECYARFD,LOAD,230 KV,38.85,-77.25,Fairfax (Decoy / Yard),,,
2156117692,VIRGINIA ELECTRIC & POWER CO,DOM,NRTHWDS,LOAD,230 KV,38.99,-77.52,Ashburn (Northwoods),,,
2156117807,COMMONWEALTH EDISON CO,COMED,AVONDALE,LOAD,138 KV,41.94,-87.7,Chicago (Avondale),,,
2156118026,DUKE ENERGY OHIO INC,DEOK,AICHOLTZ,LOAD,138 KV,39.1,-84.26,Eastgate (Aicholtz Rd),,,
2156118312,PPL ELECTRIC UTILITIES CORP,PPL,PITNEY,LOAD,138 KV,40.05,-76.28,Lancaster (Pitney Rd),,,
2156118452,VIRGINIA ELECTRIC & POWER CO,DOM,REEDFARM,LOAD,230 KV,38.95,-77.4,Herndon / Reston,,,
2156118559,OHIO POWER CO,ATSI,GALION,LOAD,138 KV,40.73,-82.79,"Galion, OH",,,
2156118703,DUQUESNE LIGHT CO,DUQ,VETRNBRG,LOAD,138 KV,40.45,-79.99,Pittsburgh (Veterans Bridge Area),,,
2156118703,PENNSYLVANIA POWER CO,DUQ,VETRNBRG,LOAD,138 KV,40.45,-79.99,Pittsburgh (Veterans Bridge Area),,,
