NAME,CEEPR_NAMES,TERRITORIES_TO_MAP,STATES _W_SRVC_TERRITORY,CEEPR_NAMES,ISO/RTO
"4 RIVERS ELECTRIC COOPERATIVE, INC.",AES Indiana,AES INDIANA,IL,AES Indiana,MISO
4-COUNTY ELECTRIC POWER ASSN,Ameren Illinois Company,AMEREN ILLINOIS COMPANY,"WV, VA, TN",Ameren Illinois Company,MISO
A & N ELECTRIC COOP,Appalachian Power Co,APPALACHIAN POWER CO,NJ,Appalachian Power Co,PJM
ACCESS ENERGY COOP,Atlantic City Electric Co,ATLANTIC CITY ELECTRIC CO,MD,Atlantic City Electric Co,PJM
ADAMS ELECTRIC COOP,Baltimore Gas & Electric Co,BALTIMORE GAS & ELECTRIC CO,PA,Baltimore Gas & Electric Co,PJM
ADAMS ELECTRIC COOPERATIVE INC,Citizens Electric Co - (PA),CITIZENS ELECTRIC CO - (PA),TN,Citizens Electric Co - (PA),PJM
"ADAMS RURAL ELECTRIC COOP, INC",City of Chattanooga - (TN),CITY OF CHATTANOOGA - (TN),TN,City of Chattanooga - (TN),TVA (Non-ISO)
ADAMS-COLUMBIA ELECTRIC COOP,City of Memphis - (TN),CITY OF MEMPHIS - (TN),OH,City of Memphis - (TN),TVA (Non-ISO)
ADRIAN PUBLIC UTILITIES COMM,Cleveland Electric Illum Co,CLEVELAND ELECTRIC ILLUM CO,IL,Cleveland Electric Illum Co,PJM
AEP TEXAS CENTRAL COMPANY,Commonwealth Edison Co,COMMONWEALTH EDISON CO,OH,Commonwealth Edison Co,PJM
AEP TEXAS NORTH COMPANY,Dayton Power & Light Co,DAYTON POWER & LIGHT CO,"DE, MD",Dayton Power & Light Co,PJM
AGC DIVISION OF APGI INC,Delmarva Power,DELMARVA POWER,MISO,Delmarva Power,PJM
AGRALITE ELECTRIC COOP,"Duke Energy Indiana, LLC","DUKE ENERGY INDIANA, LLC",KY,"Duke Energy Indiana, LLC",MISO
AHA MACAV POWER SERVICE,Duke Energy Kentucky,DUKE ENERGY KENTUCKY,OH,Duke Energy Kentucky,PJM
AIKEN ELECTRIC COOP INC,Duke Energy Ohio Inc,DUKE ENERGY OHIO INC,PA,Duke Energy Ohio Inc,PJM
AITKIN PUBLIC UTILITIES COMM,Duquesne Light Co,DUQUESNE LIGHT CO,"IN, MI",Duquesne Light Co,PJM
AJO IMPROVEMENT CO,Indiana Michigan Power Co,INDIANA MICHIGAN POWER CO,MISO,Indiana Michigan Power Co,PJM
AK-CHIN ELECTRIC UTILITY AUTHORITY,Jersey Central Power & Lt Co,JERSEY CENTRAL POWER & LT CO,NJ,Jersey Central Power & Lt Co,PJM
AKIACHAK NATIVE COMMUNITY ELECTRIC,Kentucky Power Co,KENTUCKY POWER CO,KY,Kentucky Power Co,PJM
ALABAMA POWER CO,Kentucky Utilities Co,KENTUCKY UTILITIES CO,KY,Kentucky Utilities Co,LGE-KU (Non-ISO)
ALAMEDA MUNICIPAL POWER,Knoxville Utilities Board,KNOXVILLE UTILITIES BOARD,TN,Knoxville Utilities Board,TVA (Non-ISO)
ALAMO POWER DISTRICT NO 3,Louisville Gas & Electric Co,LOUISVILLE GAS & ELECTRIC CO,KY,Louisville Gas & Electric Co,LGE-KU (Non-ISO)
ALASKA ELECTRIC LIGHT & POWER CO.,Metropolitan Edison Co,METROPOLITAN EDISON CO,PA,Metropolitan Edison Co,PJM
ALASKA POWER AND TELEPHONE CO,Middle Tennessee E M C,MIDDLE TENNESSEE E M C,TN,Middle Tennessee E M C,TVA (Non-ISO)
"ALASKA VILLAGE ELEC COOP, INC",Monongahela Power Co,MONONGAHELA POWER CO,WV,Monongahela Power Co,PJM
ALBANY UTILITY BOARD,Nashville Electric Service,NASHVILLE ELECTRIC SERVICE,TN,Nashville Electric Service,TVA (Non-ISO)
ALBEMARLE ELECTRIC MEMBER CORP,Northern Indiana Pub Serv Co,NORTHERN INDIANA PUB SERV CO,MISO,Northern Indiana Pub Serv Co,MISO
ALBERTVILLE MUNICIPAL UTILITIES BOARD,Ohio Edison Co,OHIO EDISON CO,OH,Ohio Edison Co,PJM
ALCORN COUNTY ELEC POWER ASSN,Ohio Power Co,OHIO POWER CO,OH,Ohio Power Co,PJM
"ALFALFA ELECTRIC COOP, INC",PECO Energy Co,PECO ENERGY CO,PA,PECO Energy Co,PJM
ALGER-DELTA COOP ELECTRIC ASSN,Pennsylvania Electric Co,PENNSYLVANIA ELECTRIC CO,PA,Pennsylvania Electric Co,PJM
ALGOMA UTILITY COMM,Pennsylvania Power Co,PENNSYLVANIA POWER CO,PA,Pennsylvania Power Co,PJM
"ALLAMAKEE-CLAYTON EL COOP, INC",Pike County Light & Power Co,PIKE COUNTY LIGHT & POWER CO,PA,Pike County Light & Power Co,PJM
"ALLETE, INC.",Potomac Electric Power Co,POTOMAC ELECTRIC POWER CO,"DC, MD",Potomac Electric Power Co,PJM
ALPENA POWER CO,PPL Electric Utilities Corp,PPL ELECTRIC UTILITIES CORP,PA,PPL Electric Utilities Corp,PJM
ALTAMAHA ELECTRIC MEMBER CORP,Public Service Elec & Gas Co,PUBLIC SERVICE ELEC & GAS CO,NJ,Public Service Elec & Gas Co,PJM
AMANA SOCIETY SERVICE CO,Rockland Electric Co,ROCKLAND ELECTRIC CO,NJ,Rockland Electric Co,PJM
AMEREN ILLINOIS COMPANY,Southern Indiana Gas & Elec Co,SOUTHERN INDIANA GAS & ELEC CO,MISO,Southern Indiana Gas & Elec Co,MISO
AMERICAN SAMOA POWER AUTHORITY,Southern Maryland Elec Coop Inc,SOUTHERN MARYLAND ELEC COOP INC,MD,Southern Maryland Elec Coop Inc,PJM
AMICALOLA ELECTRIC MEMBER CORP,The Potomac Edison Company,THE POTOMAC EDISON COMPANY,"MD, WV",The Potomac Edison Company,PJM
ANADARKO PUBLIC WORKS AUTHORITY,The Toledo Edison Co,THE TOLEDO EDISON CO,OH,The Toledo Edison Co,PJM
ANIAK LIGHT & POWER CO INC,"UGI Utilities, Inc","UGI UTILITIES, INC",PA,"UGI Utilities, Inc",PJM
ANZA ELECTRIC COOP INC,Virginia Electric & Power Co,VIRGINIA ELECTRIC & POWER CO,"VA, NC",Virginia Electric & Power Co,PJM
APPALACHIAN ELECTRIC COOP,Wellsborough Electric Co,WELLSBOROUGH ELECTRIC CO,PA,Wellsborough Electric Co,PJM
APPALACHIAN POWER CO,West Penn Power Company,WEST PENN POWER COMPANY,PA,West Penn Power,PJM
ARAB ELECTRIC COOP INC,,,,,
ARIZONA PUBLIC SERVICE CO,,,,,
"ARK VALLEY ELEC COOP ASSN, INC",,,,,
ARKANSAS VALLEY ELEC COOP CORP,,,,,
"ARROWHEAD ELECTRIC COOP, INC",,,,,
"ASHLEY CHICOT ELEC COOP, INC",,,,,
ATCHISON-HOLT ELECTRIC COOP,,,,,
ATCO ELECTRIC,,,,,
ATHENS UTILITY BOARD,,,,,
ATLANTIC CITY ELECTRIC CO,,,,,
ATLANTIC MUNICIPAL UTILITIES,,,,,
ATMAUTLUAK TRIBAL UTILITIES,,,,,
AUBURN BOARD OF PUBLIC WORKS,,,,,
AUSTIN ENERGY,,,,,
AVISTA CORP,,,,,
BADGER POWER MARKETING AUTHORITY,,,,,
BAGLEY PUBLIC UTILITIES COMM,,,,,
BAILEY COUNTY ELEC COOP ASSN,,,,,
BALDWIN COUNTY EL MEMBER CORP,,,,,
BALTIMORE GAS & ELECTRIC CO,,,,,
BAMBERG BOARD OF PUBLIC WORKS,,,,,
BANCROFT MUNICIPAL UTILITIES,,,,,
"BANDERA ELECTRIC COOP, INC",,,,,
BARBOURVILLE UTILITY COMM,,,,,
BARC ELECTRIC COOP INC,,,,,
BARRON ELECTRIC COOP,,,,,
"BARROW UTILS & ELEC COOP, INC",,,,,
BARRY ELECTRIC COOP,,,,,
BARTHOLOMEW COUNTY RURAL E M C,,,,,
"BARTLETT ELECTRIC COOP, INC",,,,,
"BARTON COUNTY ELEC COOP, INC",,,,,
"BARTON VILLAGE, INC",,,,,
BASIN ELECTRIC POWER COOP,,,,,
BATH ELECTRIC GAS & WATER,,,,,
"BAYFIELD ELECTRIC COOP, INC",,,,,
BC HYDRO,,,,,
BEACHES ENERGY SERVICES,,,,,
BEAR VALLEY ELECTRIC SERVICE,,,,,
"BEARTOOTH ELECTRIC COOP, INC",,,,,
"BEAUREGARD ELECTRIC COOP, INC",,,,,
BEAVER CITY CORPORATION,,,,,
"BEDFORD RURAL ELEC COOP, INC",,,,,
"BELTRAMI ELECTRIC COOP, INC",,,,,
BENCO ELECTRIC COOPERATIVE,,,,,
BENTON COUNTY,,,,,
BENTON RURAL ELECTRIC ASSN,,,,,
BERKELEY ELECTRIC COOP INC,,,,,
"BIG BEND ELECTRIC COOP, INC",,,,,
"BIG COUNTRY ELECTRIC COOP, INC",,,,,
BIG FLAT ELECTRIC COOP INC,,,,,
"BIG HORN COUNTY ELEC COOP, INC",,,,,
BIG HORN RURAL ELECTRIC CO,,,,,
BIG SANDY RURAL ELEC COOP CORP,,,,,
BIRCH CREEK VILLAGE ELEC UTIL - (AK),,,,,
BLACHLY-LANE COUNTY COOP EL ASSN,,,,,
BLACK DIAMOND POWER CO,,,,,
"BLACK HILLS COLORADO ELECTRIC, LLC",,,,,
"BLACK HILLS ELECTRIC COOP, INC",,,,,
"BLACK HILLS POWER, INC.",,,,,
BLACK RIVER ELECTRIC COOP - (MO),,,,,
"BLACK RIVER ELECTRIC COOP, INC - (SC)",,,,,
BLACK WARRIOR ELEC MEMBER CORP,,,,,
BLOCK ISLAND UTILITY DISTRICT,,,,,
BLOOMER ELECTRIC & WATER CO,,,,,
BLUE EARTH LIGHT & WATER,,,,,
BLUE GRASS ENERGY COOP CORP,,,,,
BLUE RIDGE ELEC MEMBER CORP - (NC),,,,,
BLUE RIDGE ELECTRIC COOP INC - (SC),,,,,
BLUE RIDGE MOUNTAIN EMC - (GA),,,,,
"BLUEBONNET ELECTRIC COOP, INC",,,,,
BLUESTEM ELECTRIC COOP INC,,,,,
BOARD OF WATER ELECTRIC & COMMUNICATIONS,,,,,
BOLIVAR ENERGY AUTHORITY,,,,,
"BON HOMME YANKTON EL ASSN, INC",,,,,
BONNEVILLE POWER ADMINISTRATION,,,,,
BOONE COUNTY RURAL EMC,,,,,
BOONE ELECTRIC COOP,,,,,
BOONE VALLEY ELECTRIC COOP,,,,,
BOROUGH OF BERLIN - (PA),,,,,
BOROUGH OF BLAKELY - (PA),,,,,
BOROUGH OF BUTLER - (NJ),,,,,
BOROUGH OF CATAWISSA,,,,,
BOROUGH OF CHAMBERSBURG,,,,,
BOROUGH OF DUNCANNON - (PA),,,,,
BOROUGH OF EAST CONEMAUGH,,,,,
BOROUGH OF ELLWOOD CITY - (PA),,,,,
BOROUGH OF EPHRATA - (PA),,,,,
BOROUGH OF GIRARD - (PA),,,,,
BOROUGH OF GOLDSBORO - (PA),,,,,
BOROUGH OF GROVE CITY - (PA),,,,,
BOROUGH OF HATFIELD- (PA),,,,,
BOROUGH OF KUTZTOWN - (PA),,,,,
BOROUGH OF LANSDALE,,,,,
BOROUGH OF LAVALLETTE - (NJ),,,,,
BOROUGH OF LEHIGHTON - (PA),,,,,
BOROUGH OF LEWISBERRY - (PA),,,,,
BOROUGH OF MADISON - (NJ),,,,,
BOROUGH OF MIDDLETOWN - (PA),,,,,
BOROUGH OF MIFFLINBURG - (PA),,,,,
BOROUGH OF MILLTOWN - (NJ),,,,,
BOROUGH OF NEW WILMINGTON - (PA),,,,,
BOROUGH OF OLYPHANT - (PA),,,,,
BOROUGH OF PARK RIDGE - (NJ),,,,,
BOROUGH OF PEMBERTON - (NJ),,,,,
BOROUGH OF PERKASIE - (PA),,,,,
BOROUGH OF PITCAIRN - (PA),,,,,
BOROUGH OF QUAKERTOWN - (PA),,,,,
BOROUGH OF ROYALTON - (PA),,,,,
BOROUGH OF SCHUYLKILL HAVEN - (PA),,,,,
BOROUGH OF SMETHPORT - (PA),,,,,
BOROUGH OF SOUTH RIVER - (NJ),,,,,
BOROUGH OF ST CLAIR - (PA),,,,,
BOROUGH OF SUMMERHILL - (PA),,,,,
BOROUGH OF TARENTUM - (PA),,,,,
BOROUGH OF WAMPUM,,,,,
BOROUGH OF WATSONTOWN - (PA),,,,,
BOROUGH OF WEATHERLY - (PA),,,,,
BOROUGH OF ZELIENOPLE - (PA),,,,,
"BOWIE-CASS ELECTRIC COOP, INC",,,,,
BOZRAH LIGHT & POWER COMPANY,,,,,
BRAINERD PUBLIC UTILITIES,,,,,
BREMEN ELECTRIC LIGHT & POWER CO,,,,,
"BRIDGER VALLEY ELEC ASSN, INC",,,,,
BRIGHAM CITY CORPORATION,,,,,
BRISTOL VIRGINIA UTILITIES,,,,,
"BROAD RIVER ELECTRIC COOP, INC",,,,,
BRODHEAD WATER & LIGHTING COMM,,,,,
BROWN COUNTY RURAL ELEC ASSN,,,,,
BROWN-ATCHISON E C A INC,,,,,
BROWNSVILLE PUBLIC UTILITIES BOARD,,,,,
BRUNSWICK ELECTRIC MEMBER CORP,,,,,
"BUCKEYE RURAL ELEC COOP, INC",,,,,
BUCKEYE WATER C&D DISTRICT,,,,,
BURKE-DIVIDE ELECTRIC COOP INC,,,,,
BURT COUNTY PUBLIC POWER DIST,,,,,
BUTLER COUNTY RURAL ELEC COOP - (IA),,,,,
BUTLER PUBLIC POWER DISTRICT - (NE),,,,,
"BUTLER RURAL EL COOP ASSN, INC - (KS)",,,,,
BUTLER RURAL ELECTRIC COOP INC - (OH),,,,,
"BUTTE ELECTRIC COOP, INC",,,,,
C & L ELECTRIC COOP CORP,,,,,
CAIRO PUBLIC UTILITY COMPANY,,,,,
CALHOUN COUNTY ELEC COOP ASSN,,,,,
CALLAWAY ELECTRIC COOPERATIVE,,,,,
"CAM WAL ELECTRIC COOP, INC",,,,,
"CANADIAN VALLEY ELEC COOP, INC",,,,,
CANBY UTILITY BOARD,,,,,
"CANEY FORK ELECTRIC COOP, INC",,,,,
"CANEY VALLEY EL COOP ASSN, INC",,,,,
CANNELTON UTILITIES,,,,,
CANOOCHEE ELECTRIC MEMBER CORP,,,,,
CANTON MUNICIPAL UTILITIES,,,,,
CAPE HATTERAS ELEC MEMBER CORP,,,,,
"CAPITAL ELECTRIC COOP, INC",,,,,
"CARBON POWER & LIGHT, INC",,,,,
CARROLL COUNTY - (TN),,,,,
CARROLL ELECTRIC COOP CORP - (AR),,,,,
"CARROLL ELECTRIC COOP, INC - (OH)",,,,,
CARROLL ELECTRIC MEMBER CORP - (GA),,,,,
CARROLLTON BOARD OF PUBLIC WKS,,,,,
CARROLL-WHITE REMC,,,,,
CARTERET-CRAVEN EL MEMBER CORP,,,,,
CASCADE MUNICIPAL UTILITIES,,,,,
CASS COUNTY ELEC COOP INC,,,,,
CASS ELECTRIC COOP,,,,,
"CAVALIER RURAL ELEC COOP, INC",,,,,
CEDAR FALLS UTILITIES,,,,,
CEDARBURG LIGHT & WATER COMM,,,,,
CEDAR-KNOX PUBLIC POWER DIST,,,,,
CENTERPOINT ENERGY,,,,,
CENTRAL ALABAMA ELECTRIC COOP,,,,,
CENTRAL COAST COMMUNITY ENERGY,,,,,
CENTRAL ELECTRIC COOP INC - (OR),,,,,
"CENTRAL ELECTRIC COOP, INC - (PA)",,,,,
"CENTRAL ELECTRIC COOP, INC - (SD)",,,,,
CENTRAL ELECTRIC MEMBERSHIP CORP. - (NC),,,,,
CENTRAL ELECTRIC POWER ASSN - (MS),,,,,
"CENTRAL FLORIDA ELEC COOP, INC",,,,,
CENTRAL GEORGIA EL MEMBER CORP,,,,,
CENTRAL HUDSON GAS & ELEC CORP,,,,,
CENTRAL LINCOLN PEOPLE'S UT DT,,,,,
CENTRAL MAINE POWER CO,,,,,
CENTRAL MISSOURI ELEC COOP INC,,,,,
"CENTRAL NEW MEXICO EL COOP, INC",,,,,
"CENTRAL RURAL ELECTRIC COOPERATIVE, INC",,,,,
"CENTRAL TEXAS ELEC COOP, INC",,,,,
"CENTRAL VALLEY ELEC COOP, INC",,,,,
CENTRAL VIRGINIA ELECTRIC COOP,,,,,
CENTRAL WISCONSIN ELEC COOP,,,,,
"CHARITON VALLEY ELEC COOP, INC",,,,,
"CHARLES MIX ELECTRIC ASSN, INC",,,,,
CHEROKEE COUNTY ELEC COOP ASSN,,,,,
CHEROKEE ELECTRIC COOP,,,,,
CHERRYLAND ELECTRIC COOP INC,,,,,
"CHERRY-TODD ELECTRIC COOP, INC",,,,,
CHEYENNE LIGHT FUEL & POWER,,,,,
"CHICKASAW ELECTRIC COOP, INC",,,,,
CHILLICOTHE MUNICIPAL UTILS,,,,,
CHIMNEY ROCK PUBLIC POWER DIST,,,,,
CHIPPEWA VALLEY ELECTRIC COOP,,,,,
CHITINA ELECTRIC INC,,,,,
CHOCTAW ELECTRIC COOP INC,,,,,
"CHOCTAWHATCHE ELEC COOP, INC",,,,,
"CHOPTANK ELECTRIC COOPERATIVE, INC",,,,,
CHUGACH ELECTRIC ASSN INC,,,,,
CIMARRON ELECTRIC COOP,,,,,
CITIZENS ELECTRIC CO - (PA),,,,,
CITIZENS ELECTRIC CORPORATION - (MO),,,,,
CITY & BOROUGH OF SITKA - (AK),,,,,
CITY & COUNTY OF SAN FRANCISCO,,,,,
CITY OF ABBEVILLE - (LA),,,,,
CITY OF ABBEVILLE - (SC),,,,,
CITY OF ABERDEEN - (MS),,,,,
CITY OF ACWORTH - (GA),,,,,
CITY OF ADA - (MN),,,,,
CITY OF ADEL- (GA),,,,,
CITY OF AFTON- (IA),,,,,
CITY OF AKRON - (IA),,,,,
CITY OF AKUTAN - (AK),,,,,
CITY OF ALACHUA - (FL),,,,,
CITY OF ALBANY - (IL),,,,,
CITY OF ALBANY - (MO),,,,,
CITY OF ALBEMARLE - (NC),,,,,
CITY OF ALBION - (ID),,,,,
CITY OF ALCOA UTILITIES,,,,,
CITY OF ALEXANDER CITY,,,,,
CITY OF ALEXANDRIA - (LA),,,,,
CITY OF ALEXANDRIA - (MN),,,,,
CITY OF ALGONA - (IA),,,,,
CITY OF ALLENDALE- (IL),,,,,
CITY OF ALLIANCE- (NE),,,,,
CITY OF ALMA - (KS),,,,,
CITY OF ALPHA - (MN),,,,,
CITY OF ALTA - (IA),,,,,
CITY OF ALTA VISTA- (IA),,,,,
CITY OF ALTAMONT - (IL),,,,,
CITY OF ALTAMONT - (KS),,,,,
CITY OF ALTON,,,,,
CITY OF ALTUS - (OK),,,,,
CITY OF ALVARADO - (MN),,,,,
CITY OF AMES - (IA),,,,,
CITY OF AMHERST- (OH),,,,,
CITY OF AMORY,,,,,
CITY OF ANAHEIM - (CA),,,,,
CITY OF ANDALUSIA,,,,,
CITY OF ANDERSON - (IN),,,,,
CITY OF ANITA - (IA),,,,,
CITY OF ANOKA,,,,,
CITY OF ANSLEY - (NE),,,,,
CITY OF ANTHON - (IA),,,,,
CITY OF ANTHONY - (KS),,,,,
CITY OF APLINGTON,,,,,
CITY OF ARAPAHOE - (NE),,,,,
CITY OF ARCADIA - (KS),,,,,
CITY OF ARCADIA - (WI),,,,,
CITY OF ARCANUM - (OH),,,,,
CITY OF ARGYLE - (WI),,,,,
CITY OF ARLINGTON - (MN),,,,,
CITY OF ARLINGTON - (SD),,,,,
CITY OF ARMA - (KS),,,,,
CITY OF ASHLAND - (KS),,,,,
CITY OF ASHLAND - (OR),,,,,
CITY OF ASPEN- (CO),,,,,
CITY OF ATHENS - (AL),,,,,
CITY OF ATKA - (AK),,,,,
CITY OF ATTICA - (KS),,,,,
CITY OF AUBURN - (IA),,,,,
CITY OF AUBURN - (IN),,,,,
CITY OF AUGUSTA - (AR),,,,,
CITY OF AUGUSTA - (KS),,,,,
CITY OF AURELIA - (IA),,,,,
CITY OF AURORA - (SD),,,,,
CITY OF AUSTIN - (MN),,,,,
CITY OF AVA - (MO),,,,,
CITY OF AXTELL - (KS),,,,,
CITY OF AZTEC - (NM),,,,,
CITY OF AZUSA,,,,,
CITY OF BADGER - (SD),,,,,
CITY OF BALDWIN CITY- (KS),,,,,
CITY OF BANDON - (OR),,,,,
CITY OF BANNING - (CA),,,,,
CITY OF BARDSTOWN - (KY),,,,,
CITY OF BARDWELL - (KY),,,,,
CITY OF BARNESVILLE - (GA),,,,,
CITY OF BARNESVILLE - (MN),,,,,
CITY OF BARRON - (WI),,,,,
CITY OF BARTLETT - (TX),,,,,
CITY OF BARTOW - (FL),,,,,
CITY OF BASTROP - (TX),,,,,
CITY OF BATAVIA - (IL),,,,,
CITY OF BATTLE CREEK- (NE),,,,,
CITY OF BAUDETTE - (MN),,,,,
CITY OF BAY CITY - (MI),,,,,
CITY OF BAYARD - (NE),,,,,
CITY OF BEATRICE - (NE),,,,,
CITY OF BEAVER CITY - (NE),,,,,
CITY OF BELLEVILLE - (KS),,,,,
CITY OF BELLEVUE - (IA),,,,,
CITY OF BELLVILLE - (TX),,,,,
CITY OF BELOIT - (KS),,,,,
CITY OF BENHAM,,,,,
CITY OF BENKELMAN - (NE),,,,,
CITY OF BENNETTSVILLE - (SC),,,,,
CITY OF BENSON - (MN),,,,,
CITY OF BENTON - (AR),,,,,
CITY OF BENTON - (KY),,,,,
CITY OF BENTONVILLE - (AR),,,,,
CITY OF BEREA MUNICIPAL UTILITY,,,,,
CITY OF BERESFORD,,,,,
CITY OF BESSEMER UTILITIES,,,,,
CITY OF BETHANY - (MO),,,,,
CITY OF BIG STONE CITY - (SD),,,,,
CITY OF BIGELOW - (MN),,,,,
CITY OF BIGGS - (CA),,,,,
CITY OF BIWABIK - (MN),,,,,
CITY OF BLACK RIVER FALLS,,,,,
CITY OF BLACKWELL - (OK),,,,,
CITY OF BLAINE - (WA),,,,,
CITY OF BLAKELY - (GA),,,,,
CITY OF BLANDING - (UT),,,,,
CITY OF BLOOMFIELD - (IA),,,,,
CITY OF BLOOMING PRAIRIE - (MN),,,,,
CITY OF BLOUNTSTOWN - (FL),,,,,
CITY OF BLUE HILL - (NE),,,,,
CITY OF BLUE MOUND - (KS),,,,,
CITY OF BLUFFTON - (IN),,,,,
CITY OF BOERNE,,,,,
CITY OF BONNERS FERRY,,,,,
CITY OF BOSCOBEL - (WI),,,,,
CITY OF BOULDER CITY - (NV),,,,,
CITY OF BOUNTIFUL,,,,,
CITY OF BOWIE - (TX),,,,,
CITY OF BOWLING GREEN - (KY),,,,,
CITY OF BOWLING GREEN - (OH),,,,,
CITY OF BRADY - (TX),,,,,
CITY OF BRECKENRIDGE- (MN),,,,,
CITY OF BREDA - (IA),,,,,
CITY OF BREESE - (IL),,,,,
CITY OF BRENHAM - (TX),,,,,
CITY OF BREWSTER - (MN),,,,,
CITY OF BRIDGEPORT - (TX),,,,,
CITY OF BRIDGEPORT UTILITIES - (NE),,,,,
CITY OF BRISTOL - (TN),,,,,
CITY OF BROKEN BOW - (NE),,,,,
CITY OF BRONSON,,,,,
CITY OF BROOKINGS - (SD),,,,,
CITY OF BROOKLYN - (IA),,,,,
CITY OF BROWNFIELD - (TX),,,,,
CITY OF BROWNSVILLE,,,,,
CITY OF BROWNTON - (MN),,,,,
CITY OF BRUNDIDGE - (AL),,,,,
CITY OF BRYAN - (OH),,,,,
CITY OF BRYAN - (TX),,,,,
CITY OF BRYANT - (SD),,,,,
CITY OF BUFFALO - (IA),,,,,
CITY OF BUFFALO - (MN),,,,,
CITY OF BUFORD,,,,,
CITY OF BUHL - (MN),,,,,
CITY OF BURBANK WATER AND POWER,,,,,
CITY OF BURKE - (SD),,,,,
CITY OF BURLEY - (ID),,,,,
CITY OF BURLINGAME - (KS),,,,,
CITY OF BURLINGTON - (CO),,,,,
CITY OF BURLINGTON - (KS),,,,,
CITY OF BURLINGTON - (OK),,,,,
CITY OF BURLINGTON ELECTRIC - (VT),,,,,
CITY OF BURNET - (TX),,,,,
CITY OF BURT,,,,,
CITY OF BURWELL - (NE),,,,,
CITY OF BUSHNELL - (FL),,,,,
CITY OF BUSHNELL - (IL),,,,,
CITY OF BUTLER - (MO),,,,,
CITY OF CABOOL - (MO),,,,,
CITY OF CAIRO - (GA),,,,,
CITY OF CALDWELL,,,,,
CITY OF CALEDONIA - (MN),,,,,
CITY OF CALHOUN - (GA),,,,,
CITY OF CALIENTE - (NV),,,,,
CITY OF CALIFORNIA - (MO),,,,,
CITY OF CALLENDER - (IA),,,,,
CITY OF CAMBRIDGE - (NE),,,,,
CITY OF CAMDEN,,,,,
CITY OF CAMERON,,,,,
CITY OF CAMILLA,,,,,
CITY OF CARLISLE- (IA),,,,,
CITY OF CARLYLE - (IL),,,,,
CITY OF CARMI - (IL),,,,,
CITY OF CARTERSVILLE - (GA),,,,,
CITY OF CARTHAGE - (MO),,,,,
CITY OF CASCADE LOCKS - (OR),,,,,
CITY OF CASEY - (IL),,,,,
CITY OF CASTROVILLE - (TX),,,,,
CITY OF CAVALIER - (ND),,,,,
CITY OF CAWKER CITY - (KS),,,,,
CITY OF CELINA - (OH),,,,,
CITY OF CENTER - (CO),,,,,
CITY OF CENTRAL CITY,,,,,
CITY OF CENTRALIA - (KS),,,,,
CITY OF CENTRALIA - (MO),,,,,
CITY OF CENTRALIA - (WA),,,,,
CITY OF CEYLON - (MN),,,,,
CITY OF CHANUTE,,,,,
CITY OF CHAPMAN - (KS),,,,,
CITY OF CHAPPELL - (NE),,,,,
CITY OF CHARLEVOIX - (MI),,,,,
CITY OF CHASKA - (MN),,,,,
CITY OF CHATTAHOOCHEE - (FL),,,,,
CITY OF CHATTANOOGA - (TN),,,,,
CITY OF CHEFORNAK,,,,,
CITY OF CHENEY - (WA),,,,,
CITY OF CHERRYVILLE - (NC),,,,,
CITY OF CHETOPA - (KS),,,,,
CITY OF CHEWELAH,,,,,
CITY OF CHICKAMAUGA,,,,,
CITY OF CHICOPEE - (MA),,,,,
CITY OF CHIGNIK - (AK),,,,,
CITY OF CIMARRON - (KS),,,,,
CITY OF CLAREMORE,,,,,
CITY OF CLARKSVILLE - (TN),,,,,
CITY OF CLAY CENTER - (KS),,,,,
CITY OF CLEVELAND - (OH),,,,,
CITY OF CLEVELAND - (TN),,,,,
CITY OF CLEWISTON,,,,,
CITY OF CLINTON - (TN),,,,,
CITY OF CLINTONVILLE - (WI),,,,,
CITY OF CODY,,,,,
CITY OF COFFEYVILLE - (KS),,,,,
CITY OF COGGON - (IA),,,,,
CITY OF COLBY - (KS),,,,,
CITY OF COLEMAN - (TX),,,,,
CITY OF COLLEGE PARK - (GA),,,,,
CITY OF COLLEGE STATION - (TX),,,,,
CITY OF COLLINS - (MS),,,,,
CITY OF COLLINSVILLE - (OK),,,,,
CITY OF COLMAN - (SD),,,,,
CITY OF COLORADO SPRINGS - (CO),,,,,
CITY OF COLTON - (CA),,,,,
CITY OF COLUMBIA - (MO),,,,,
CITY OF COLUMBIA CITY - (IN),,,,,
CITY OF COLUMBIANA - (OH),,,,,
CITY OF COLUMBUS - (MS),,,,,
CITY OF COLUMBUS - (OH),,,,,
CITY OF COLUMBUS - (WI),,,,,
CITY OF COMANCHE - (OK),,,,,
CITY OF COMMERCE - (GA),,,,,
CITY OF CONCORD - (NC),,,,,
CITY OF COOKEVILLE - (TN),,,,,
CITY OF COON RAPIDS,,,,,
CITY OF CORNELL,,,,,
CITY OF CORNING - (IA),,,,,
CITY OF CORONA - (CA),,,,,
CITY OF CORWITH - (IA),,,,,
CITY OF COULEE DAM - (WA),,,,,
CITY OF COURTLAND,,,,,
CITY OF COVINGTON - (GA),,,,,
CITY OF COVINGTON - (IN),,,,,
CITY OF COVINGTON - (TN),,,,,
CITY OF CRANE - (MO),,,,,
CITY OF CRETE,,,,,
CITY OF CROSWELL - (MI),,,,,
CITY OF CRYSTAL FALLS,,,,,
CITY OF CUBA - (MO),,,,,
CITY OF CUBA CITY,,,,,
CITY OF CUERO - (TX),,,,,
CITY OF CUMBERLAND - (WI),,,,,
CITY OF CURTIS - (NE),,,,,
CITY OF CUSHING - (OK),,,,,
CITY OF CUSTAR,,,,,
CITY OF CUYAHOGA FALLS - (OH),,,,,
CITY OF DANVILLE - (IA),,,,,
CITY OF DANVILLE - (VA),,,,,
CITY OF DAVID CITY,,,,,
CITY OF DAYTON - (IA),,,,,
CITY OF DAYTON - (TN),,,,,
CITY OF DEAVER - (WY),,,,,
CITY OF DECLO - (ID),,,,,
CITY OF DELTA - (CO),,,,,
CITY OF DENISON - (IA),,,,,
CITY OF DENTON - (TX),,,,,
CITY OF DENVER - (IA),,,,,
CITY OF DESHLER - (NE),,,,,
CITY OF DETROIT LAKES - (MN),,,,,
CITY OF DICKSON,,,,,
CITY OF DIGHTON - (KS),,,,,
CITY OF DIKE,,,,,
CITY OF DOERUN - (GA),,,,,
CITY OF DOTHAN - (AL),,,,,
CITY OF DOUGLAS,,,,,
CITY OF DOVER - (DE),,,,,
CITY OF DOVER - (OH),,,,,
CITY OF DOWAGIAC,,,,,
CITY OF DRAIN - (OR),,,,,
CITY OF DUE WEST - (SC),,,,,
CITY OF DUNCAN - (OK),,,,,
CITY OF DUNNELL - (MN),,,,,
CITY OF DURANT - (IA),,,,,
CITY OF DURANT - (MS),,,,,
CITY OF DYERSBURG,,,,,
CITY OF DYSART - (IA),,,,,
CITY OF EAGLE RIVER - (WI),,,,,
CITY OF EARLVILLE - (IA),,,,,
CITY OF EAST GRAND FORKS - (MN),,,,,
CITY OF EAST POINT - (GA),,,,,
CITY OF EASTON - (MO),,,,,
CITY OF EATON RAPIDS - (MI),,,,,
CITY OF EDMOND - (OK),,,,,
CITY OF EGEGIK - (AK),,,,,
CITY OF EITZEN - (MN),,,,,
CITY OF EL DORADO SPRINGS - (MO),,,,,
CITY OF ELBA - (AL),,,,,
CITY OF ELBERTON,,,,,
CITY OF ELBOW LAKE - (MN),,,,,
CITY OF ELDORADO - (OK),,,,,
CITY OF ELECTRA - (TX),,,,,
CITY OF ELFIN COVE - (AK),,,,,
CITY OF ELIZABETH CITY - (NC),,,,,
CITY OF ELIZABETHTON - (TN),,,,,
CITY OF ELK POINT,,,,,
CITY OF ELK RIVER,,,,,
CITY OF ELKHORN - (WI),,,,,
CITY OF ELLAVILLE,,,,,
CITY OF ELLENSBURG - (WA),,,,,
CITY OF ELLINWOOD - (KS),,,,,
CITY OF ELLSWORTH - (IA),,,,,
CITY OF ELROY - (WI),,,,,
CITY OF ELSMORE - (KS),,,,,
CITY OF ELWOOD - (KS),,,,,
CITY OF ELY - (MN),,,,,
CITY OF EMERSON - (NE),,,,,
CITY OF ENTERPRISE - (KS),,,,,
CITY OF ENTERPRISE - (UT),,,,,
CITY OF EPHRAIM - (UT),,,,,
CITY OF ERATH - (LA),,,,,
CITY OF ERIE - (KS),,,,,
CITY OF ESCANABA,,,,,
CITY OF ESTELLINE - (SD),,,,,
CITY OF ESTHERVILLE - (IA),,,,,
CITY OF ETOWAH,,,,,
CITY OF EUDORA - (KS),,,,,
CITY OF EUGENE - (OR),,,,,
CITY OF EVANSVILLE,,,,,
CITY OF EVERGREEN - (AL),,,,,
CITY OF FAIRBANK - (IA),,,,,
CITY OF FAIRBURN - (GA),,,,,
CITY OF FAIRBURY,,,,,
CITY OF FAIRFAX - (MN),,,,,
CITY OF FAIRFIELD- (IL),,,,,
CITY OF FAIRHOPE - (AL),,,,,
CITY OF FAIRVIEW - (OK),,,,,
CITY OF FAITH - (SD),,,,,
CITY OF FALLON - (NV),,,,,
CITY OF FALLS CITY - (NE),,,,,
CITY OF FALMOUTH - (KY),,,,,
CITY OF FARMER CITY - (IL),,,,,
CITY OF FARMERSVILLE - (TX),,,,,
CITY OF FARMINGTON - (MO),,,,,
CITY OF FARMINGTON - (NM),,,,,
CITY OF FARNHAMVILLE - (IA),,,,,
CITY OF FAYETTE - (MO),,,,,
CITY OF FAYETTEVILLE,,,,,
CITY OF FENNIMORE - (WI),,,,,
CITY OF FLANDREAU,,,,,
CITY OF FLATONIA - (TX),,,,,
CITY OF FLORA - (IL),,,,,
CITY OF FLORENCE - (AL),,,,,
CITY OF FLORESVILLE,,,,,
CITY OF FLOYDADA - (TX),,,,,
CITY OF FONDA - (IA),,,,,
CITY OF FONTANELLE - (IA),,,,,
CITY OF FOREST CITY- (IA),,,,,
CITY OF FOREST GROVE,,,,,
CITY OF FORSYTH - (GA),,,,,
CITY OF FORT COLLINS - (CO),,,,,
CITY OF FORT MEADE - (FL),,,,,
CITY OF FORT MORGAN,,,,,
CITY OF FORT PIERRE - (SD),,,,,
CITY OF FOSSTON - (MN),,,,,
CITY OF FOUNTAIN,,,,,
CITY OF FRANKFORT - (IN),,,,,
CITY OF FRANKFORT - (KY),,,,,
CITY OF FRANKLIN - (KY),,,,,
CITY OF FRANKLIN - (NE),,,,,
CITY OF FRANKLIN - (VA),,,,,
CITY OF FREDERICK - (OK),,,,,
CITY OF FREDERICKSBURG - (IA),,,,,
CITY OF FREDERICKSBURG - (TX),,,,,
CITY OF FREDERICKTOWN - (MO),,,,,
CITY OF FREDONIA - (AZ),,,,,
CITY OF FREDONIA - (KS),,,,,
CITY OF FREMONT - (NE),,,,,
CITY OF FRIEND - (NE),,,,,
CITY OF FULTON - (KY),,,,,
CITY OF FULTON - (MO),,,,,
CITY OF GAFFNEY - (SC),,,,,
CITY OF GALION,,,,,
CITY OF GALLATIN - (MO),,,,,
CITY OF GALLATIN - (TN),,,,,
CITY OF GALLUP - (NM),,,,,
CITY OF GALVA - (KS),,,,,
CITY OF GARDEN CITY,,,,,
CITY OF GARDNER - (KS),,,,,
CITY OF GARLAND - (TX),,,,,
CITY OF GARNETT - (KS),,,,,
CITY OF GARRETT,,,,,
CITY OF GAS CITY - (IN),,,,,
CITY OF GASTONIA - (NC),,,,,
CITY OF GEARY - (OK),,,,,
CITY OF GENESEO - (IL),,,,,
CITY OF GENEVA- (IL),,,,,
CITY OF GEORGETOWN - (SC),,,,,
CITY OF GEORGETOWN - (TX),,,,,
CITY OF GERING - (NE),,,,,
CITY OF GIDDINGS - (TX),,,,,
CITY OF GILBERT,,,,,
CITY OF GILLETTE - (WY),,,,,
CITY OF GILMAN CITY - (MO),,,,,
CITY OF GILTNER - (NE),,,,,
CITY OF GIRARD - (KS),,,,,
CITY OF GLADSTONE,,,,,
CITY OF GLASCO - (KS),,,,,
CITY OF GLASGOW - (KY),,,,,
CITY OF GLEN ELDER - (KS),,,,,
CITY OF GLENDALE - (CA),,,,,
CITY OF GLENWOOD SPRINGS - (CO),,,,,
CITY OF GLIDDEN - (IA),,,,,
CITY OF GOLDSMITH - (TX),,,,,
CITY OF GOLDTHWAITE - (TX),,,,,
CITY OF GONZALES - (TX),,,,,
CITY OF GOODLAND - (KS),,,,,
CITY OF GOTHENBURG - (NE),,,,,
CITY OF GRAETTINGER - (IA),,,,,
CITY OF GRAFTON - (ND),,,,,
CITY OF GRANBURY - (TX),,,,,
CITY OF GRAND HAVEN - (MI),,,,,
CITY OF GRAND ISLAND - (NE),,,,,
CITY OF GRAND JUNCTION - (IA),,,,,
CITY OF GRAND MARAIS - (MN),,,,,
CITY OF GRANITE - (OK),,,,,
CITY OF GRANITE FALLS - (MN),,,,,
CITY OF GRANT - (NE),,,,,
CITY OF GRANTVILLE - (GA),,,,,
CITY OF GREEN COVE SPRINGS,,,,,
CITY OF GREENDALE,,,,,
CITY OF GREENEVILLE - (TN),,,,,
CITY OF GREENFIELD - (IA),,,,,
CITY OF GREENFIELD - (IN),,,,,
CITY OF GREENSBURG - (KS),,,,,
CITY OF GREENVILLE - (TX),,,,,
CITY OF GRIDLEY - (CA),,,,,
CITY OF GRIFFIN - (GA),,,,,
CITY OF GROTON - (SD),,,,,
CITY OF GROVE CITY,,,,,
CITY OF GUNNISON - (CO),,,,,
CITY OF GUTTENBERG,,,,,
CITY OF HAGERSTOWN - (IN),,,,,
CITY OF HALLETTSVILLE - (TX),,,,,
CITY OF HALSTAD - (MN),,,,,
CITY OF HAMILTON - (OH),,,,,
CITY OF HAMPTON - (GA),,,,,
CITY OF HANNIBAL - (MO),,,,,
CITY OF HARBOR SPRINGS - (MI),,,,,
CITY OF HARMONY - (MN),,,,,
CITY OF HARRIMAN - (TN),,,,,
CITY OF HARRISONBURG - (VA),,,,,
CITY OF HARRISONVILLE - (MO),,,,,
CITY OF HART HYDRO - (MI),,,,,
CITY OF HARTFORD - (AL),,,,,
CITY OF HARTLEY - (IA),,,,,
CITY OF HARTSELLE,,,,,
CITY OF HASTINGS - (NE),,,,,
CITY OF HAVEN - (KS),,,,,
CITY OF HAWARDEN - (IA),,,,,
CITY OF HEALDSBURG - (CA),,,,,
CITY OF HEARNE - (TX),,,,,
CITY OF HEBRON - (NE),,,,,
CITY OF HECLA,,,,,
CITY OF HELPER - (UT),,,,,
CITY OF HEMPHILL - (TX),,,,,
CITY OF HEMPSTEAD - (TX),,,,,
CITY OF HENNING - (MN),,,,,
CITY OF HERINGTON - (KS),,,,,
CITY OF HERMANN,,,,,
CITY OF HERMISTON,,,,,
CITY OF HERNDON,,,,,
CITY OF HERTFORD - (NC),,,,,
CITY OF HEYBURN - (ID),,,,,
CITY OF HICKMAN,,,,,
CITY OF HICKMAN - (NE),,,,,
CITY OF HIGGINSVILLE - (MO),,,,,
CITY OF HIGHLAND,,,,,
CITY OF HIGHLANDS - (NC),,,,,
CITY OF HILL CITY,,,,,
CITY OF HILLSBORO - (KS),,,,,
CITY OF HILLSBORO - (ND),,,,,
CITY OF HINGHAM - (MA),,,,,
CITY OF HINTON,,,,,
CITY OF HOGANSVILLE - (GA),,,,,
CITY OF HOISINGTON - (KS),,,,,
CITY OF HOLDREGE,,,,,
CITY OF HOLLAND,,,,,
CITY OF HOLLY SPRINGS,,,,,
CITY OF HOLTON - (KS),,,,,
CITY OF HOLYOKE - (CO),,,,,
CITY OF HOLYOKE - (MA),,,,,
CITY OF HOLYROOD - (KS),,,,,
CITY OF HOMESTEAD - (FL),,,,,
CITY OF HOMINY - (OK),,,,,
CITY OF HONDO - (TX),,,,,
CITY OF HOPE,,,,,
CITY OF HOPE,,,,,
CITY OF HOPKINSVILLE,,,,,
CITY OF HOPKINTON - (IA),,,,,
CITY OF HORTON - (KS),,,,,
CITY OF HOUSTON - (MO),,,,,
CITY OF HOWARD - (SD),,,,,
CITY OF HUBBARD,,,,,
CITY OF HUBBELL- (NE),,,,,
CITY OF HUDSON - (OH),,,,,
CITY OF HUGOTON - (KS),,,,,
CITY OF HUMBOLDT,,,,,
CITY OF HUNNEWELL - (MO),,,,,
CITY OF HUNTINGBURG - (IN),,,,,
CITY OF HUNTSVILLE - (AL),,,,,
CITY OF IDAHO FALLS - (ID),,,,,
CITY OF IMPERIAL,,,,,
CITY OF INDEPENDENCE - (IA),,,,,
CITY OF INDEPENDENCE - (MO),,,,,
CITY OF INDIANOLA - (NE),,,,,
CITY OF INDUSTRY,,,,,
CITY OF IOLA - (KS),,,,,
CITY OF ISABEL - (KS),,,,,
CITY OF ITTA BENA - (MS),,,,,
CITY OF IUKA - (KS),,,,,
CITY OF JACKSON - (GA),,,,,
CITY OF JACKSON - (MN),,,,,
CITY OF JACKSON - (MO),,,,,
CITY OF JACKSON - (OH),,,,,
CITY OF JACKSON - (TN),,,,,
CITY OF JANESVILLE - (MN),,,,,
CITY OF JASPER - (IN),,,,,
CITY OF JASPER - (TX),,,,,
CITY OF JELLICO,,,,,
CITY OF JETMORE,,,,,
CITY OF JEWETT CITY - (CT),,,,,
CITY OF JOHNSON - (KS),,,,,
CITY OF JONESVILLE - (LA),,,,,
CITY OF JULESBURG - (CO),,,,,
CITY OF KAHOKA,,,,,
CITY OF KANSAS CITY - (KS),,,,,
CITY OF KAPLAN - (LA),,,,,
CITY OF KASOTA - (MN),,,,,
CITY OF KASSON,,,,,
CITY OF KAUKAUNA,,,,,
CITY OF KENNETT - (MO),,,,,
CITY OF KIEL - (WI),,,,,
CITY OF KIMBALL - (NE),,,,,
CITY OF KIMBALLTON - (IA),,,,,
CITY OF KING COVE,,,,,
CITY OF KINGFISHER - (OK),,,,,
CITY OF KINGMAN - (KS),,,,,
CITY OF KINGS MOUNTAIN - (NC),,,,,
CITY OF KINSTON - (NC),,,,,
CITY OF KIOWA - (KS),,,,,
CITY OF KIRKWOOD - (MO),,,,,
CITY OF KOSCIUSKO - (MS),,,,,
CITY OF LA CROSSE - (KS),,,,,
CITY OF LA GRANGE - (GA),,,,,
CITY OF LA GRANGE - (TX),,,,,
CITY OF LA HARPE - (KS),,,,,
CITY OF LA JUNTA - (CO),,,,,
CITY OF LA PLATA - (MO),,,,,
CITY OF LAFAYETTE - (AL),,,,,
CITY OF LAFAYETTE - (GA),,,,,
CITY OF LAFAYETTE - (LA),,,,,
CITY OF LAFOLLETTE,,,,,
CITY OF LAKE CITY - (MN),,,,,
CITY OF LAKE CRYSTAL - (MN),,,,,
CITY OF LAKE MILLS,,,,,
CITY OF LAKE PARK - (IA),,,,,
CITY OF LAKE PARK - (MN),,,,,
CITY OF LAKE VIEW - (IA),,,,,
CITY OF LAKE WORTH BEACH - (FL),,,,,
CITY OF LAKEFIELD - (MN),,,,,
CITY OF LAKELAND - (FL),,,,,
CITY OF LAKIN - (KS),,,,,
CITY OF LAKOTA - (ND),,,,,
CITY OF LAMAR - (CO),,,,,
CITY OF LAMAR - (MO),,,,,
CITY OF LAMONI - (IA),,,,,
CITY OF LAMPASAS - (TX),,,,,
CITY OF LANETT - (AL),,,,,
CITY OF LANSING - (MI),,,,,
CITY OF LARCHWOOD - (IA),,,,,
CITY OF LARNED - (KS),,,,,
CITY OF LARSEN BAY - (AK),,,,,
CITY OF LAS ANIMAS - (CO),,,,,
CITY OF LAUREL - (NE),,,,,
CITY OF LAURENS - (IA),,,,,
CITY OF LAURENS - (SC),,,,,
CITY OF LAURINBURG - (NC),,,,,
CITY OF LAWLER - (IA),,,,,
CITY OF LAWRENCEBURG,,,,,
CITY OF LAWRENCEVILLE - (GA),,,,,
CITY OF LE SUEUR - (MN),,,,,
CITY OF LEBANON - (IN),,,,,
CITY OF LEBANON - (MO),,,,,
CITY OF LEBANON - (OH),,,,,
CITY OF LEESBURG - (FL),,,,,
CITY OF LEHIGH - (IA),,,,,
CITY OF LELAND - (MS),,,,,
CITY OF LENOIR - (TN),,,,,
CITY OF LENOX - (IA),,,,,
CITY OF LEWES - (DE),,,,,
CITY OF LEWISBURG - (TN),,,,,
CITY OF LEWISVILLE - (IN),,,,,
CITY OF LEXINGTON - (NC),,,,,
CITY OF LEXINGTON - (NE),,,,,
CITY OF LEXINGTON - (OK),,,,,
CITY OF LEXINGTON - (TN),,,,,
CITY OF LEXINGTON - (TX),,,,,
CITY OF LIBERAL - (MO),,,,,
CITY OF LIBERTY - (TX),,,,,
CITY OF LINCOLN CENTER - (KS),,,,,
CITY OF LINCOLNTON - (NC),,,,,
CITY OF LINDSAY - (OK),,,,,
CITY OF LINDSBORG - (KS),,,,,
CITY OF LINNEUS - (MO),,,,,
CITY OF LINTON - (IN),,,,,
CITY OF LIVERMORE- (IA),,,,,
CITY OF LIVINGSTON - (TX),,,,,
CITY OF LLANO - (TX),,,,,
CITY OF LOCKHART - (TX),,,,,
CITY OF LODGEPOLE - (NE),,,,,
CITY OF LODI - (CA),,,,,
CITY OF LODI - (WI),,,,,
CITY OF LOGAN - (UT),,,,,
CITY OF LOGANSPORT - (IN),,,,,
CITY OF LOMPOC - (CA),,,,,
CITY OF LONG GROVE - (IA),,,,,
CITY OF LONGMONT,,,,,
CITY OF LOVELAND - (CO),,,,,
CITY OF LOWELL - (MI),,,,,
CITY OF LUBBOCK - (TX),,,,,
CITY OF LUCAS- (KS),,,,,
CITY OF LULING - (TX),,,,,
CITY OF LUMBERTON - (NC),,,,,
CITY OF LURAY - (KS),,,,,
CITY OF LUVERNE - (AL),,,,,
CITY OF LUVERNE - (MN),,,,,
CITY OF LYONS - (NE),,,,,
CITY OF MABEL - (MN),,,,,
CITY OF MACON - (MO),,,,,
CITY OF MACON - (MS),,,,,
CITY OF MADDOCK - (ND),,,,,
CITY OF MADELIA - (MN),,,,,
CITY OF MADISON - (MN),,,,,
CITY OF MADISON - (NE),,,,,
CITY OF MADISON - (SD),,,,,
CITY OF MALDEN - (MO),,,,,
CITY OF MANASSAS - (VA),,,,,
CITY OF MANGUM - (OK),,,,,
CITY OF MANITOU - (OK),,,,,
CITY OF MANKATO - (KS),,,,,
CITY OF MANNING,,,,,
CITY OF MANSFIELD - (GA),,,,,
CITY OF MANSFIELD - (MO),,,,,
CITY OF MANTI - (UT),,,,,
CITY OF MAPLETON- (IA),,,,,
CITY OF MAQUOKETA - (IA),,,,,
CITY OF MARATHON - (IA),,,,,
CITY OF MARCELINE - (MO),,,,,
CITY OF MARIETTA - (GA),,,,,
CITY OF MARION - (KS),,,,,
CITY OF MARLOW - (OK),,,,,
CITY OF MARQUETTE - (MI),,,,,
CITY OF MARSHALL - (IL),,,,,
CITY OF MARSHALL - (MI),,,,,
CITY OF MARSHALL - (MN),,,,,
CITY OF MARSHALL - (MO),,,,,
CITY OF MARSHFIELD - (WI),,,,,
CITY OF MARTINSVILLE - (VA),,,,,
CITY OF MASCOUTAH - (IL),,,,,
CITY OF MASON - (TX),,,,,
CITY OF MAYFIELD PLANT BOARD,,,,,
CITY OF MCCLEARY - (WA),,,,,
CITY OF MCGREGOR- (IA),,,,,
CITY OF MCLAUGHLIN - (SD),,,,,
CITY OF MCLEANSBORO - (IL),,,,,
CITY OF MCMINNVILLE - (OR),,,,,
CITY OF MCPHERSON - (KS),,,,,
CITY OF MEADE - (KS),,,,,
CITY OF MEADVILLE - (MO),,,,,
CITY OF MEDFORD - (WI),,,,,
CITY OF MEMPHIS - (MO),,,,,
CITY OF MEMPHIS - (TN),,,,,
CITY OF MENASHA - (WI),,,,,
CITY OF MENDON - (OH),,,,,
CITY OF MESA - (AZ),,,,,
CITY OF METROPOLIS - (IL),,,,,
CITY OF MIAMI - (OK),,,,,
CITY OF MILAN,,,,,
CITY OF MILAN - (MO),,,,,
CITY OF MILFORD - (DE),,,,,
CITY OF MILFORD - (IA),,,,,
CITY OF MILLER - (SD),,,,,
CITY OF MILTON - (WA),,,,,
CITY OF MILTON-FREEWATER- (OR),,,,,
CITY OF MINDEN - (LA),,,,,
CITY OF MINDEN - (NE),,,,,
CITY OF MINDENMINES - (MO),,,,,
CITY OF MINIDOKA - (ID),,,,,
CITY OF MINNEAPOLIS - (KS),,,,,
CITY OF MISHAWAKA,,,,,
CITY OF MITCHELL - (NE),,,,,
CITY OF MONETT - (MO),,,,,
CITY OF MONMOUTH - (OR),,,,,
CITY OF MONROE - (GA),,,,,
CITY OF MONROE - (NC),,,,,
CITY OF MONROE - (UT),,,,,
CITY OF MONROE CITY - (MO),,,,,
CITY OF MONTEZUMA - (IA),,,,,
CITY OF MONTEZUMA - (KS),,,,,
CITY OF MONTICELLO - (GA),,,,,
CITY OF MOORE HAVEN - (FL),,,,,
CITY OF MOORELAND - (OK),,,,,
CITY OF MOORHEAD - (MN),,,,,
CITY OF MORA - (MN),,,,,
CITY OF MORAN - (KS),,,,,
CITY OF MORENO VALLEY - (CA),,,,,
CITY OF MORGANTON - (NC),,,,,
CITY OF MORRILL - (KS),,,,,
CITY OF MORRISTOWN - (TN),,,,,
CITY OF MOULTON - (TX),,,,,
CITY OF MOULTRIE - (GA),,,,,
CITY OF MOUNDRIDGE - (KS),,,,,
CITY OF MOUNT DORA - (FL),,,,,
CITY OF MOUNT HOPE - (KS),,,,,
CITY OF MOUNT VERNON - (MO),,,,,
CITY OF MOUNTAIN IRON - (MN),,,,,
CITY OF MOUNTAIN LAKE - (MN),,,,,
CITY OF MOUNTAIN VIEW - (MO),,,,,
CITY OF MT PLEASANT - (IA),,,,,
CITY OF MT PLEASANT - (TN),,,,,
CITY OF MT PLEASANT - (UT),,,,,
CITY OF MULBERRY - (KS),,,,,
CITY OF MULVANE - (KS),,,,,
CITY OF MURRAY - (KY),,,,,
CITY OF MURRAY - (UT),,,,,
CITY OF MUSCLE SHOALS,,,,,
CITY OF MUSCOTAH,,,,,
CITY OF NAPERVILLE - (IL),,,,,
CITY OF NAPOLEON - (OH),,,,,
CITY OF NASHWAUK - (MN),,,,,
CITY OF NATCHITOCHES,,,,,
CITY OF NEBRASKA CITY,,,,,
CITY OF NEEDLES - (CA),,,,,
CITY OF NEGAUNEE,,,,,
CITY OF NELIGH - (NE),,,,,
CITY OF NELSON - (NE),,,,,
CITY OF NEODESHA - (KS),,,,,
CITY OF NEOLA - (IA),,,,,
CITY OF NEW ALBANY - (MS),,,,,
CITY OF NEW BERN - (NC),,,,,
CITY OF NEW BRAUNFELS - (TX),,,,,
CITY OF NEW CORDELL - (OK),,,,,
CITY OF NEW HAMPTON - (IA),,,,,
CITY OF NEW HOLSTEIN - (WI),,,,,
CITY OF NEW LISBON,,,,,
CITY OF NEW MADRID - (MO),,,,,
CITY OF NEW MARTINSVILLE - (WV),,,,,
CITY OF NEW RICHMOND,,,,,
CITY OF NEW ROADS - (LA),,,,,
CITY OF NEW ROSS - (IN),,,,,
CITY OF NEWARK - (DE),,,,,
CITY OF NEWBERN,,,,,
CITY OF NEWBERRY - (FL),,,,,
CITY OF NEWBERRY - (SC),,,,,
CITY OF NEWBURG - (MO),,,,,
CITY OF NEWFOLDEN - (MN),,,,,
CITY OF NEWKIRK - (OK),,,,,
CITY OF NEWPORT,,,,,
CITY OF NEWTON - (IL),,,,,
CITY OF NEWTON - (NC),,,,,
CITY OF NEWTON - (TX),,,,,
CITY OF NEWTON FALLS - (OH),,,,,
CITY OF NICHOLASVILLE - (KY),,,,,
CITY OF NIELSVILLE - (MN),,,,,
CITY OF NILES - (MI),,,,,
CITY OF NILES - (OH),,,,,
CITY OF NIXA - (MO),,,,,
CITY OF NORCROSS- (GA),,,,,
CITY OF NORTH LITTLE ROCK - (AR),,,,,
CITY OF NORTH PLATTE,,,,,
CITY OF NORTH ST PAUL - (MN),,,,,
CITY OF NORTHWOOD - (ND),,,,,
CITY OF NORTON,,,,,
CITY OF NORWAY,,,,,
CITY OF NORWICH - (CT),,,,,
CITY OF NORWOOD - (MA),,,,,
CITY OF OAK RIDGE,,,,,
CITY OF OBERLIN - (KS),,,,,
CITY OF OBERLIN - (OH),,,,,
CITY OF OCALA,,,,,
CITY OF ODESSA - (MO),,,,,
CITY OF OGDEN - (IA),,,,,
CITY OF OGLESBY - (IL),,,,,
CITY OF OKOLONA,,,,,
CITY OF OLIVE HILL - (KY),,,,,
CITY OF OLIVIA - (MN),,,,,
CITY OF OLUSTEE,,,,,
CITY OF ONAWA - (IA),,,,,
CITY OF ONIDA - (SD),,,,,
CITY OF OPELIKA - (AL),,,,,
CITY OF OPP - (AL),,,,,
CITY OF ORANGE CITY - (IA),,,,,
CITY OF ORANGEBURG - (SC),,,,,
CITY OF ORD - (NE),,,,,
CITY OF ORIENT - (IA),,,,,
CITY OF ORLANDO - (OK),,,,,
CITY OF ORRVILLE - (OH),,,,,
CITY OF ORTONVILLE - (MN),,,,,
CITY OF OSAGE - (IA),,,,,
CITY OF OSAGE CITY - (KS),,,,,
CITY OF OSAWATOMIE - (KS),,,,,
CITY OF OSBORNE - (KS),,,,,
CITY OF OSCEOLA - (AR),,,,,
CITY OF OSCEOLA - (MO),,,,,
CITY OF OTTAWA - (KS),,,,,
CITY OF OUZINKIE - (AK),,,,,
CITY OF OWATONNA - (MN),,,,,
CITY OF OWENSBORO - (KY),,,,,
CITY OF OXFORD - (GA),,,,,
CITY OF OXFORD - (KS),,,,,
CITY OF OXFORD - (MS),,,,,
CITY OF PADUCAH - (KY),,,,,
CITY OF PAINESVILLE,,,,,
CITY OF PALMETTO - (GA),,,,,
CITY OF PALMYRA - (MO),,,,,
CITY OF PALO ALTO - (CA),,,,,
CITY OF PANORA - (IA),,,,,
CITY OF PARIS - (AR),,,,,
CITY OF PARIS - (KY),,,,,
CITY OF PARIS - (MO),,,,,
CITY OF PARIS - (TN),,,,,
CITY OF PARK RIVER - (ND),,,,,
CITY OF PARKER - (SD),,,,,
CITY OF PASADENA - (CA),,,,,
CITY OF PATON - (IA),,,,,
CITY OF PAULLINA - (IA),,,,,
CITY OF PAWHUSKA - (OK),,,,,
CITY OF PAWNEE - (OK),,,,,
CITY OF PEABODY - (MA),,,,,
CITY OF PELLA - (IA),,,,,
CITY OF PENDER - (NE),,,,,
CITY OF PERRY - (MO),,,,,
CITY OF PERRY - (OK),,,,,
CITY OF PERU - (IL),,,,,
CITY OF PERU - (IN),,,,,
CITY OF PETERSON - (MN),,,,,
CITY OF PETOSKEY - (MI),,,,,
CITY OF PHILADELPHIA - (MS),,,,,
CITY OF PIEDMONT - (AL),,,,,
CITY OF PIERCE - (NE),,,,,
CITY OF PIERRE - (SD),,,,,
CITY OF PIERZ - (MN),,,,,
CITY OF PIGGOTT - (AR),,,,,
CITY OF PINE BLUFFS - (WY),,,,,
CITY OF PIQUA - (OH),,,,,
CITY OF PLANKINTON - (SD),,,,,
CITY OF PLAQUEMINE - (LA),,,,,
CITY OF PLATTSBURGH - (NY),,,,,
CITY OF PLUMMER - (ID),,,,,
CITY OF PLYMOUTH - (WI),,,,,
CITY OF POCAHONTAS - (IA),,,,,
CITY OF POMONA - (KS),,,,,
CITY OF PONCA CITY - (OK),,,,,
CITY OF POND CREEK - (OK),,,,,
CITY OF POPLAR BLUFF - (MO),,,,,
CITY OF PORT ANGELES - (WA),,,,,
CITY OF PORTLAND - (MI),,,,,
CITY OF POWELL - (WY),,,,,
CITY OF PRATT- (KS),,,,,
CITY OF PRESCOTT - (AR),,,,,
CITY OF PRESCOTT - (KS),,,,,
CITY OF PRESTON,,,,,
CITY OF PRIMGHAR - (IA),,,,,
CITY OF PRINCETON - (IL),,,,,
CITY OF PRINCETON - (KY),,,,,
CITY OF PRINCETON - (WI),,,,,
CITY OF PROVIDENCE - (KY),,,,,
CITY OF PRYOR - (OK),,,,,
CITY OF PULASKI - (TN),,,,,
CITY OF PURCELL - (OK),,,,,
CITY OF QUINCY - (FL),,,,,
CITY OF QUITMAN,,,,,
CITY OF RADFORD - (VA),,,,,
CITY OF RADIUM - (KS),,,,,
CITY OF RANDALL - (MN),,,,,
CITY OF RANDOLPH - (NE),,,,,
CITY OF RAYNE - (LA),,,,,
CITY OF READLYN - (IA),,,,,
CITY OF RED BUD - (IL),,,,,
CITY OF RED CLOUD - (NE),,,,,
CITY OF REDDING - (CA),,,,,
CITY OF REMSEN - (IA),,,,,
CITY OF RENSSELAER - (IN),,,,,
CITY OF RENWICK - (IA),,,,,
CITY OF RICHLAND - (MO),,,,,
CITY OF RICHLAND - (WA),,,,,
CITY OF RICHLAND CENTER - (WI),,,,,
CITY OF RICHMOND - (IN),,,,,
CITY OF RIPLEY - (TN),,,,,
CITY OF RISING SUN - (IN),,,,,
CITY OF RIVER FALLS,,,,,
CITY OF RIVERDALE - (ND),,,,,
CITY OF RIVERSIDE - (CA),,,,,
CITY OF ROBERSONVILLE - (NC),,,,,
CITY OF ROBERTSDALE,,,,,
CITY OF ROBINSON - (KS),,,,,
CITY OF ROBSTOWN - (TX),,,,,
CITY OF ROCK FALLS - (IL),,,,,
CITY OF ROCK HILL - (SC),,,,,
CITY OF ROCKFORD- (IA),,,,,
CITY OF ROCKPORT - (MO),,,,,
CITY OF ROCKWOOD - (TN),,,,,
CITY OF ROCKY MOUNT - (NC),,,,,
CITY OF ROLLA - (MO),,,,,
CITY OF ROODHOUSE - (IL),,,,,
CITY OF ROSEAU - (MN),,,,,
CITY OF ROSEVILLE - (CA),,,,,
CITY OF ROUND LAKE - (MN),,,,,
CITY OF RUPERT - (ID),,,,,
CITY OF RUSHFORD - (MN),,,,,
CITY OF RUSHMORE - (MN),,,,,
CITY OF RUSSELL - (KS),,,,,
CITY OF RUSSELL - (MA),,,,,
CITY OF RUSSELLVILLE - (AL),,,,,
CITY OF RUSSELLVILLE - (KY),,,,,
CITY OF RUSTON - (LA),,,,,
CITY OF SABETHA - (KS),,,,,
CITY OF SABULA - (IA),,,,,
CITY OF SAFFORD - (AZ),,,,,
CITY OF SAINT PAUL,,,,,
CITY OF SAINT PETER,,,,,
CITY OF SALAMANCA - (NY),,,,,
CITY OF SALEM - (MO),,,,,
CITY OF SALEM - (VA),,,,,
CITY OF SALISBURY - (MO),,,,,
CITY OF SALLISAW - (OK),,,,,
CITY OF SAN ANTONIO - (TX),,,,,
CITY OF SAN AUGUSTINE - (TX),,,,,
CITY OF SAN MARCOS - (TX),,,,,
CITY OF SAN SABA - (TX),,,,,
CITY OF SANBORN - (IA),,,,,
CITY OF SANDERSVILLE - (GA),,,,,
CITY OF SANGER - (TX),,,,,
CITY OF SANTA CLARA - (CA),,,,,
CITY OF SANTA CLARA - (UT),,,,,
CITY OF SARGENT - (NE),,,,,
CITY OF SAUK CENTRE - (MN),,,,,
CITY OF SAVONBURG - (KS),,,,,
CITY OF SCHULENBURG - (TX),,,,,
CITY OF SCHUYLER - (NE),,,,,
CITY OF SCOTTSBORO,,,,,
CITY OF SCOTTSBURG - (IN),,,,,
CITY OF SCRANTON - (KS),,,,,
CITY OF SCRIBNER - (NE),,,,,
CITY OF SEAFORD- (DE),,,,,
CITY OF SEATTLE - (WA),,,,,
CITY OF SEGUIN - (TX),,,,,
CITY OF SENECA - (KS),,,,,
CITY OF SENECA - (SC),,,,,
CITY OF SERGEANT BLUFF - (IA),,,,,
CITY OF SEWARD - (AK),,,,,
CITY OF SEWARD - (NE),,,,,
CITY OF SEYMOUR - (MO),,,,,
CITY OF SEYMOUR - (TX),,,,,
CITY OF SHARON- (ND),,,,,
CITY OF SHARON SPRINGS - (KS),,,,,
CITY OF SHASTA LAKE - (CA),,,,,
CITY OF SHEBOYGAN FALLS - (WI),,,,,
CITY OF SHELBINA - (MO),,,,,
CITY OF SHELBY - (IA),,,,,
CITY OF SHELBY - (NC),,,,,
CITY OF SHELBY - (OH),,,,,
CITY OF SHELBYVILLE - (TN),,,,,
CITY OF SHELLY - (MN),,,,,
CITY OF SHERRILL - (NY),,,,,
CITY OF SHINER - (TX),,,,,
CITY OF SHULLSBURG - (WI),,,,,
CITY OF SIBLEY - (IA),,,,,
CITY OF SIDNEY - (NE),,,,,
CITY OF SIKESTON - (MO),,,,,
CITY OF SILOAM SPRINGS - (AR),,,,,
CITY OF SIOUX CENTER,,,,,
CITY OF SIOUX FALLS - (SD),,,,,
CITY OF SKIATOOK - (OK),,,,,
CITY OF SLATER - (MO),,,,,
CITY OF SMITHVILLE - (TN),,,,,
CITY OF SMITHVILLE - (TX),,,,,
CITY OF SNYDER - (NE),,,,,
CITY OF SODA SPRINGS - (ID),,,,,
CITY OF SOUTH HAVEN - (MI),,,,,
CITY OF SOUTH NORWALK - (CT),,,,,
CITY OF SOUTH SIOUX CITY,,,,,
CITY OF SOUTHPORT - (NC),,,,,
CITY OF SPARTA,,,,,
CITY OF SPENCER - (IA),,,,,
CITY OF SPENCER - (NE),,,,,
CITY OF SPOONER - (WI),,,,,
CITY OF SPRING GROVE,,,,,
CITY OF SPRINGFIELD - (CO),,,,,
CITY OF SPRINGFIELD - (IL),,,,,
CITY OF SPRINGFIELD - (OR),,,,,
CITY OF SPRINGFIELD - (TN),,,,,
CITY OF SPRINGVILLE - (UT),,,,,
CITY OF ST CHARLES - (IL),,,,,
CITY OF ST CHARLES - (MN),,,,,
CITY OF ST CLAIRSVILLE - (OH),,,,,
CITY OF ST FRANCIS - (KS),,,,,
CITY OF ST GEORGE,,,,,
CITY OF ST JAMES - (MN),,,,,
CITY OF ST JAMES - (MO),,,,,
CITY OF ST LOUIS - (MI),,,,,
CITY OF ST MARTINVILLE - (LA),,,,,
CITY OF ST MARYS - (KS),,,,,
CITY OF ST MARYS - (OH),,,,,
CITY OF ST PAUL - (NE),,,,,
CITY OF ST ROBERT - (MO),,,,,
CITY OF ST. JOHN - (KS),,,,,
CITY OF STAFFORD - (KS),,,,,
CITY OF STANBERRY - (MO),,,,,
CITY OF STANHOPE - (IA),,,,,
CITY OF STANTON - (IA),,,,,
CITY OF STANTON - (ND),,,,,
CITY OF STAPLES- (MN),,,,,
CITY OF STARKE - (FL),,,,,
CITY OF STARKVILLE,,,,,
CITY OF STATE CENTER - (IA),,,,,
CITY OF STATESVILLE - (NC),,,,,
CITY OF STEELVILLE,,,,,
CITY OF STEPHEN - (MN),,,,,
CITY OF STEPHENSON - (MI),,,,,
CITY OF STERLING - (KS),,,,,
CITY OF STILWELL - (OK),,,,,
CITY OF STOCKTON - (KS),,,,,
CITY OF STORY CITY - (IA),,,,,
CITY OF STOUGHTON - (WI),,,,,
CITY OF STRATFORD - (IA),,,,,
CITY OF STRATTON - (NE),,,,,
CITY OF STRAWBERRY POINT,,,,,
CITY OF STROMSBURG - (NE),,,,,
CITY OF STROUD - (OK),,,,,
CITY OF STUART - (IA),,,,,
CITY OF STUART - (NE),,,,,
CITY OF STURGEON BAY - (WI),,,,,
CITY OF STURGIS,,,,,
CITY OF SULLIVAN - (IL),,,,,
CITY OF SULLIVAN - (MO),,,,,
CITY OF SUMAS - (WA),,,,,
CITY OF SUMMERFIELD - (KS),,,,,
CITY OF SUMNER - (IA),,,,,
CITY OF SUPERIOR - (NE),,,,,
CITY OF SUTTON - (NE),,,,,
CITY OF SWEETWATER,,,,,
CITY OF SYLVANIA - (GA),,,,,
CITY OF SYLVESTER - (GA),,,,,
CITY OF SYRACUSE - (NE),,,,,
CITY OF TACOMA - (WA),,,,,
CITY OF TALLAHASSEE - (FL),,,,,
CITY OF TARRANT,,,,,
CITY OF TAUNTON,,,,,
CITY OF TECUMSEH,,,,,
CITY OF TELL CITY - (IN),,,,,
CITY OF TENAKEE SPRINGS - (AK),,,,,
CITY OF THAYER - (MO),,,,,
CITY OF THIEF RIVER FALLS,,,,,
CITY OF THOMASTON - (GA),,,,,
CITY OF THOMASVILLE - (GA),,,,,
CITY OF THORNTOWN - (IN),,,,,
CITY OF TIMPSON - (TX),,,,,
CITY OF TIPP CITY - (OH),,,,,
CITY OF TIPTON - (IA),,,,,
CITY OF TONKAWA - (OK),,,,,
CITY OF TORONTO - (KS),,,,,
CITY OF TORRINGTON - (WY),,,,,
CITY OF TRAER - (IA),,,,,
CITY OF TRAVERSE CITY - (MI),,,,,
CITY OF TRENTON - (NE),,,,,
CITY OF TRENTON - (TN),,,,,
CITY OF TRINIDAD - (CO),,,,,
CITY OF TROY - (AL),,,,,
CITY OF TROY - (IN),,,,,
CITY OF TROY - (KS),,,,,
CITY OF TROY - (MT),,,,,
CITY OF TRUTH OR CONSEQUENCES - (NM),,,,,
CITY OF TULIA,,,,,
CITY OF TUPELO - (MS),,,,,
CITY OF TUSCUMBIA,,,,,
CITY OF TUSKEGEE,,,,,
CITY OF TWO HARBORS- (MN),,,,,
CITY OF TYLER - (MN),,,,,
CITY OF TYNDALL - (SD),,,,,
CITY OF UDALL - (KS),,,,,
CITY OF UKIAH - (CA),,,,,
CITY OF UNALASKA - (AK),,,,,
CITY OF UNION - (SC),,,,,
CITY OF UNION CITY,,,,,
CITY OF UNIONVILLE - (MO),,,,,
CITY OF VALENTINE - (NE),,,,,
CITY OF VALLEY CITY,,,,,
CITY OF VANCEBURG,,,,,
CITY OF VANDALIA - (MO),,,,,
CITY OF VERMILLION - (KS),,,,,
CITY OF VERMILLION - (SD),,,,,
CITY OF VERNON,,,,,
CITY OF VICTORVILLE - (CA),,,,,
CITY OF VILLISCA - (IA),,,,,
CITY OF VINELAND - (NJ),,,,,
CITY OF VINTON - (IA),,,,,
CITY OF VIRGINIA - (MN),,,,,
CITY OF VOLGA - (SD),,,,,
CITY OF WADENA - (MN),,,,,
CITY OF WADSWORTH - (OH),,,,,
CITY OF WAELDER - (TX),,,,,
CITY OF WAHOO - (NE),,,,,
CITY OF WAKEFIELD - (MI),,,,,
CITY OF WAKEFIELD - (NE),,,,,
CITY OF WALL LAKE - (IA),,,,,
CITY OF WAMEGO - (KS),,,,,
CITY OF WAPAKONETA - (OH),,,,,
CITY OF WARREN - (MN),,,,,
CITY OF WARROAD,,,,,
CITY OF WASECA - (MN),,,,,
CITY OF WASHINGTON - (GA),,,,,
CITY OF WASHINGTON - (IN),,,,,
CITY OF WASHINGTON - (KS),,,,,
CITY OF WASHINGTON - (NC),,,,,
CITY OF WASHINGTON - (UT),,,,,
CITY OF WATER VALLEY - (MS),,,,,
CITY OF WATERLOO - (IL),,,,,
CITY OF WATERVILLE - (KS),,,,,
CITY OF WATHENA - (KS),,,,,
CITY OF WATONGA - (OK),,,,,
CITY OF WAUCHULA - (FL),,,,,
CITY OF WAYNE,,,,,
CITY OF WAYNESVILLE - (MO),,,,,
CITY OF WAYNETOWN - (IN),,,,,
CITY OF WAYNOKA - (OK),,,,,
CITY OF WEBSTER CITY - (IA),,,,,
CITY OF WEIMAR - (TX),,,,,
CITY OF WEISER - (ID),,,,,
CITY OF WELLINGTON - (KS),,,,,
CITY OF WELLS - (MN),,,,,
CITY OF WESSINGTON SPRINGS,,,,,
CITY OF WEST BEND,,,,,
CITY OF WEST LIBERTY - (IA),,,,,
CITY OF WEST MEMPHIS - (AR),,,,,
CITY OF WEST PLAINS - (MO),,,,,
CITY OF WEST POINT - (GA),,,,,
CITY OF WEST POINT - (MS),,,,,
CITY OF WEST POINT - (NE),,,,,
CITY OF WESTBROOK,,,,,
CITY OF WESTBY,,,,,
CITY OF WESTERVILLE - (OH),,,,,
CITY OF WESTFIELD - (MA),,,,,
CITY OF WESTMINSTER - (SC),,,,,
CITY OF WETUMKA - (OK),,,,,
CITY OF WHALAN - (MN),,,,,
CITY OF WHIGHAM - (GA),,,,,
CITY OF WHITE - (SD),,,,,
CITY OF WHITE MOUNTAIN - (AK),,,,,
CITY OF WHITESBORO - (TX),,,,,
CITY OF WHITTEMORE - (IA),,,,,
CITY OF WILBER,,,,,
CITY OF WILLIAMS - AZ,,,,,
CITY OF WILLIAMSPORT - (IN),,,,,
CITY OF WILLISTON - (FL),,,,,
CITY OF WILLOW SPRINGS - (MO),,,,,
CITY OF WILSON,,,,,
CITY OF WILTON,,,,,
CITY OF WINCHESTER - (TN),,,,,
CITY OF WINDOM,,,,,
CITY OF WINFIELD - (KS),,,,,
CITY OF WINNFIELD - (LA),,,,,
CITY OF WINONA - (MO),,,,,
CITY OF WINTER PARK - (FL),,,,,
CITY OF WINTERSET - (IA),,,,,
CITY OF WINTERVILLE - (NC),,,,,
CITY OF WINTHROP - (MN),,,,,
CITY OF WISNER,,,,,
CITY OF WOOD RIVER- (NE),,,,,
CITY OF WOODBINE - (IA),,,,,
CITY OF WOODSFIELD - (OH),,,,,
CITY OF WOOLSTOCK - (IA),,,,,
CITY OF WORTHINGTON - (MN),,,,,
CITY OF WRANGELL - (AK),,,,,
CITY OF WRAY,,,,,
CITY OF WYMORE - (NE),,,,,
CITY OF WYNNEWOOD - (OK),,,,,
CITY OF YALE - (OK),,,,,
CITY OF YOAKUM - (TX),,,,,
CITY OF YUMA - (CO),,,,,
CITY OF ZEELAND - (MI),,,,,
CITY UTILITIES OF SPRINGFIELD - (MO),,,,,
CITY WATER AND LIGHT PLANT,,,,,
CKENERGY ELECTRIC COOPERATIVE,,,,,
"CLAIBORNE ELECTRIC COOP, INC",,,,,
CLARK COUNTY RURAL E M C - (IN),,,,,
CLARK ELECTRIC COOP - (WI),,,,,
CLARK ENERGY COOP INC - (KY),,,,,
CLARKE ELECTRIC COOP INC - (IA),,,,,
CLARKE-WASHINGTON E M C,,,,,
CLARKSDALE PUBLIC UTILITIES,,,,,
CLARKSVILLE CONNECTED UTILITIES,,,,,
CLATSKANIE PEOPLES UTIL DIST,,,,,
CLAVERACK RURAL ELEC COOP INC,,,,,
CLAY COUNTY ELECTRIC COOP CORP,,,,,
CLAY ELECTRIC COOP INC,,,,,
"CLAY ELECTRIC COOPERATIVE, INC",,,,,
CLAY-UNION ELECTRIC CORP,,,,,
CLEARWATER POWER COMPANY,,,,,
CLEARWATER-POLK ELEC COOP INC,,,,,
CLECO POWER LLC,,,,,
CLEVELAND ELECTRIC ILLUM CO,,,,,
CLINTON COMBINED UTILITY SYS,,,,,
"CLINTON COUNTY ELEC COOP, INC",,,,,
CLOVERLAND ELECTRIC CO-OP,,,,,
CLYDE LIGHT & POWER,,,,,
CMS ELECTRIC COOP INC,,,,,
COAHOMA ELECTRIC POWER ASSN,,,,,
COAST ELECTRIC POWER ASSN,,,,,
"COASTAL ELECTRIC COOP, INC",,,,,
COASTAL ELECTRIC MEMBER CORP,,,,,
COBB ELECTRIC MEMBERSHIP CORP,,,,,
"CODINGTON-CLARK ELEC COOP, INC",,,,,
COLDWATER BOARD OF PUBLIC UTIL,,,,,
"COLEMAN COUNTY ELEC COOP, INC",,,,,
COLES-MOULTRIE ELECTRIC COOP,,,,,
COLORADO RIVER COMM OF NEVADA,,,,,
COLORADO RIVER INDIAN IRR PROJ,,,,,
COLQUITT ELECTRIC MEMBERSHIP CORP,,,,,
"COLUMBIA BASIN ELEC COOPERATIVE, INC",,,,,
COLUMBIA POWER COOP ASSN INC,,,,,
COLUMBIA POWER SYSTEM,,,,,
COLUMBIA RIVER PEOPLES UT DIST,,,,,
"COLUMBIA RURAL ELEC ASSN, INC",,,,,
"COLUMBUS ELECTRIC COOP, INC",,,,,
COMANCHE COUNTY ELEC COOP ASSN,,,,,
COMMONWEALTH EDISON CO,,,,,
COMMONWEALTH UTILITY CORPORATION,,,,,
COMMUNITY ELECTRIC COOP,,,,,
CO-MO ELECTRIC COOP INC,,,,,
CONCHO VALLEY ELEC COOP INC,,,,,
"CONCORDIA ELECTRIC COOP, INC",,,,,
CONNECTICUT LIGHT & POWER CO,,,,,
CONNEXUS ENERGY,,,,,
CONSOLIDATED COOPERATIVE,,,,,
CONSOLIDATED EDISON CO-NY INC,,,,,
CONSOLIDATED ELECTRIC COOP,,,,,
CONSOLIDATED WATER POWER CO,,,,,
CONSUMERS ENERGY,,,,,
CONSUMERS ENERGY CO,,,,,
"CONSUMERS POWER, INC",,,,,
CONTINENTAL DIVIDE EL COOP INC,,,,,
CONWAY CORPORATION,,,,,
COOKE COUNTY ELEC COOP ASSN,,,,,
"COOKSON HILLS ELEC COOP, INC",,,,,
COOPERATIVE L&P ASSN LAKE COUNTY,,,,,
COOSA VALLEY ELECTRIC COOP INC,,,,,
"COOS-CURRY ELECTRIC COOP, INC",,,,,
COPAN PUBLIC WORKS AUTHORITY,,,,,
"COPPER VALLEY ELEC ASSN, INC",,,,,
CORBIN CITY UTILITIES COMM,,,,,
"CORDOVA ELECTRIC COOP, INC",,,,,
CORE ELECTRIC COOPERATIVE,,,,,
CORN BELT ENERGY CORPORATION,,,,,
CORNHUSKER PUBLIC POWER DIST,,,,,
"COTTON ELECTRIC COOP, INC",,,,,
"COVINGTON ELECTRIC COOP, INC",,,,,
COWETA-FAYETTE EL MEMBER CORP,,,,,
COZAD BOARD OF PUBLIC WORKS,,,,,
CRAIG-BOTETOURT ELECTRIC COOP,,,,,
CRAIGHEAD ELECTRIC COOP CORP,,,,,
"CRAWFORD ELECTRIC COOP, INC",,,,,
"CRAWFORDSVILLE ELEC, LGT & PWR",,,,,
CRISP COUNTY POWER COMM,,,,,
CROW WING COOPERATIVE POWER & LIGHT COMP,,,,,
CUIVRE RIVER ELECTRIC COOP INC,,,,,
"CULLMAN ELECTRIC COOP, INC",,,,,
CULLMAN POWER BOARD,,,,,
CUMBERLAND ELEC MEMBER CORP,,,,,
"CUMBERLAND VALLEY ELECTRIC, INC.",,,,,
CUMING COUNTY PUBLIC PWR DIST,,,,,
CUSTER PUBLIC POWER DISTRICT,,,,,
DAHLBERG LIGHT & POWER CO,,,,,
DAKOTA ELECTRIC ASSOCIATION,,,,,
DAKOTA ENERGY COOP INC,,,,,
DAKOTA VALLEY ELEC COOP INC,,,,,
DALTON UTILITIES,,,,,
"DARKE RURAL ELECTRIC COOP, INC",,,,,
DARLINGTON LIGHT & POWER CO,,,,,
DAVIESS MARTIN COUNTY R E M C,,,,,
DAWSON POWER DISTRICT,,,,,
DAYTON POWER & LIGHT CO,,,,,
"DEAF SMITH ELECTRIC COOP, INC",,,,,
DECATUR COUNTY RURAL E M C,,,,,
DECATUR UTILITIES,,,,,
DEEP EAST TEXAS ELEC COOP INC,,,,,
DELANO MUNICIPAL UTILITIES,,,,,
DELAWARE COUNTY ELEC COOP INC,,,,,
DELAWARE ELECTRIC COOPERATIVE,,,,,
DELMARVA POWER,,,,,
DELTA ELECTRIC POWER ASSN,,,,,
DELTA MONTROSE ELECTRIC ASSN,,,,,
"DENTON COUNTY ELEC COOP, INC",,,,,
DESERET GENERATION & TRAN COOP,,,,,
DIVERSE POWER INCORPORATED,,,,,
DIXIE ELECTRIC COOP,,,,,
DIXIE ELECTRIC MEMBERSHIP CORP,,,,,
DIXIE ELECTRIC POWER ASSN,,,,,
"DIXIE ESCALANTE R E A, INC",,,,,
"DOMINION ENERGY SOUTH CAROLINA, INC",,,,,
"DONIPHAN ELEC COOP ASSN, INC",,,,,
DOUGLAS ELECTRIC COOP - (OR),,,,,
"DOUGLAS ELECTRIC COOP, INC",,,,,
"DS&O ELECTRIC COOPERATIVE, INC.",,,,,
DTE ELECTRIC COMPANY,,,,,
DUBLIN MUNICIPAL ELECTRIC UTIL,,,,,
DUBOIS RURAL ELECTRIC COOP INC,,,,,
DUCK RIVER ELEC MEMBER CORP,,,,,
"DUKE ENERGY CAROLINAS, LLC",,,,,
"DUKE ENERGY FLORIDA, LLC",,,,,
"DUKE ENERGY INDIANA, LLC",,,,,
DUKE ENERGY KENTUCKY,,,,,
DUKE ENERGY OHIO INC,,,,,
DUKE ENERGY PROGRESS - (NC),,,,,
"DUNCAN VALLEY ELEC COOP, INC",,,,,
DUNN COUNTY ELECTRIC COOP,,,,,
DUQUESNE LIGHT CO,,,,,
EASLEY COMBINED UTILITY SYSTEM,,,,,
EAST CENTRAL ENERGY,,,,,
EAST CENTRAL OKLAHOMA ELEC COOP INC,,,,,
EAST END MUTUAL ELEC CO LTD,,,,,
"EAST KENTUCKY POWER COOP, INC",,,,,
EAST MISSISSIPPI ELEC PWR ASSN,,,,,
EAST-CENTRAL IOWA RURAL ELEC COOP,,,,,
EASTERN ILLINOIS ELEC COOP,,,,,
EASTERN IOWA LIGHT & POWER COOP,,,,,
EASTERN MAINE ELECTRIC COOP,,,,,
EASTON UTILITIES COMM,,,,,
EAU CLAIRE ELECTRIC COOP,,,,,
EDGECOMBE-MARTIN COUNTY E M C,,,,,
EDINBURGH MUNICIPAL UTILITIES,,,,,
"EDISTO ELECTRIC COOP, INC",,,,,
EGYPTIAN ELECTRIC COOP ASSN,,,,,
EL PASO ELECTRIC CO,,,,,
ELDRIDGE CITY UTILITIES,,,,,
ELECTRICAL DIST NO2 PINAL COUNTY,,,,,
ELECTRICAL DIST NO3 PINAL COUNTY,,,,,
ELECTRICAL DIST NO4 PINAL COUNTY,,,,,
ELECTRICAL DIST NO8 MARICOPA,,,,,
ELKHORN RURAL PUBLIC PWR DIST,,,,,
ELMHURST MUTUAL POWER & LIGHT CO,,,,,
EMERALD PEOPLE'S UTILITY DIST,,,,,
EMPIRE DISTRICT ELECTRIC CO,,,,,
"EMPIRE ELECTRIC ASSN, INC",,,,,
ENERGYUNITED ELEC MEMBER CORP,,,,,
ENERSTAR POWER CORP,,,,,
ENMAX POWER CORPORATION,,,,,
ENTERGY ARKANSAS LLC,,,,,
ENTERGY LOUISIANA LLC,,,,,
ENTERGY MISSISSIPPI LLC,,,,,
"ENTERGY NEW ORLEANS, LLC",,,,,
ENTERGY TEXAS INC.,,,,,
EPCOR UTILITIES,,,,,
"ESCAMBIA RIVER ELEC COOP, INC",,,,,
"EVERGY KANSAS CENTRAL, INC",,,,,
"EVERGY KANSAS SOUTH, INC",,,,,
EVERGY METRO,,,,,
EVERGY MISSOURI WEST,,,,,
EXCELSIOR ELECTRIC MEMBER CORP,,,,,
"FAIRFIELD ELECTRIC COOP, INC",,,,,
FAIRMONT PUBLIC UTILITIES COMM,,,,,
FAIRVIEW CITY CORPORATION,,,,,
FALL RIVER RURAL ELEC COOP INC,,,,,
FANNIN COUNTY ELECTRIC COOP,,,,,
"FARMERS ELECTRIC COMPANY, LTD - (ID)",,,,,
FARMERS ELECTRIC COOP - (IA),,,,,
FARMERS ELECTRIC COOP CORP - (AR),,,,,
"FARMERS ELECTRIC COOP, INC - (IA)",,,,,
"FARMERS ELECTRIC COOP, INC - (MO)",,,,,
"FARMERS ELECTRIC COOP, INC - (NM)",,,,,
"FARMERS ELECTRIC COOP, INC - (TX)",,,,,
FARMERS RURAL ELECTRIC COOP CORP - (KY),,,,,
FARMINGTON RIVER POWER COMPANY,,,,,
"FAYETTE ELECTRIC COOP, INC",,,,,
FAYETTEVILLE PUBLIC WORKS COMMISSION,,,,,
FEDERATED RURAL ELECTRIC ASSN,,,,,
"FEM ELECTRIC ASSN, INC",,,,,
"FERGUS ELECTRIC COOP, INC",,,,,
FILLMORE CITY CORPORATION,,,,,
"FIRELANDS ELECTRIC COOP, INC",,,,,
FIRST ELECTRIC COOP CORP,,,,,
FISHERS ISLAND UTILITY CO INC,,,,,
FITCHBURG GAS & ELEC LIGHT CO,,,,,
FITZGERALD WTR LGT & BOND COMM,,,,,
FLATHEAD ELECTRIC COOP INC,,,,,
FLEMING-MASON ENERGY COOP INC,,,,,
FLINT ELECTRIC MEMBERSHIP CORP,,,,,
"FLINT HILLS RURAL E C A, INC",,,,,
FLORA UTILITIES,,,,,
FLORENCE UTILITY COMM,,,,,
"FLORIDA KEYS EL COOP ASSN, INC",,,,,
FLORIDA POWER & LIGHT CO,,,,,
FLORIDA PUBLIC UTILITIES CO,,,,,
FOLEY BOARD OF UTILITIES,,,,,
"FORKED DEER ELECTRIC COOP, INC",,,,,
FORT BELKNAP ELECTRIC COOP INC,,,,,
FORT LOUDOUN ELECTRIC COOP,,,,,
FORT PAYNE IMPROVEMENT AUTHORITY,,,,,
FORT PIERCE UTILITIES AUTHORITY,,,,,
FORT VALLEY UTILITY COMM,,,,,
FORTISALBERTA,,,,,
FORTISBC,,,,,
FOUR COUNTY ELEC MEMBER CORP,,,,,
"FOX ISLANDS ELECTRIC COOP, INC",,,,,
FRANKLIN ELECTRIC COOP - (AL),,,,,
FRANKLIN RURAL ELECTRIC COOP - (IA),,,,,
FREEBORN MOWER ELECTRIC COOPERATIVE,,,,,
FREESTATE ELECTRIC COOP,,,,,
FRENCH BROAD ELEC MEMBER CORP,,,,,
FRONTIER POWER COMPANY,,,,,
FULTON COUNTY RURAL E M C,,,,,
"G & K, INC",,,,,
GAINESVILLE REGIONAL UTILITIES,,,,,
GALENA ELECTRIC UTILITY,,,,,
"GARKANE ENERGY COOP, INC",,,,,
GARLAND LIGHT & POWER COMPANY,,,,,
GASCOSAGE ELECTRIC COOP,,,,,
GEORGIA POWER CO,,,,,
GIBSON ELECTRIC MEMBERS CORP,,,,,
GILA RIVER INDIAN UTILITY AUTHORITY (GRICUA),,,,,
"GLACIER ELECTRIC COOP, INC",,,,,
"GLADES ELECTRIC COOP, INC",,,,,
GLENCOE LIGHT & POWER COMM,,,,,
GOLD COUNTRY ENERGY,,,,,
GOLDEN VALLEY ELEC ASSN INC,,,,,
"GOLDENWEST ELECTRIC COOP, INC",,,,,
GOLTRY PUBLIC WORKS AUTHORITY,,,,,
GOODHUE COUNTY COOP ELEC ASSN,,,,,
GOWRIE MUNICIPAL UTILITIES,,,,,
GRADY ELECTRIC MEMBERSHIP CORP,,,,,
GRAFTON ELECTRIC - (IA),,,,,
GRAHAM COUNTY ELECTRIC COOP INC,,,,,
"GRAND ELECTRIC COOP, INC",,,,,
GRAND RAPIDS PUBLIC UTIL COMM,,,,,
GRAND RIVER DAM AUTHORITY,,,,,
GRAND VALLEY POWER,,,,,
GRAYSON RURAL ELECTRIC COOP CORP,,,,,
"GRAYSON-COLLIN ELEC COOP, INC",,,,,
GREAT LAKES ENERGY COOP,,,,,
GREEN MOUNTAIN POWER CORP,,,,,
"GREENBELT ELECTRIC COOP, INC",,,,,
GREENVILLE UTILITIES COMM,,,,,
GREENWOOD CPW,,,,,
GREENWOOD UTILITIES COMM,,,,,
GREER COMMISSION OF PUBLIC WKS,,,,,
GREYSTONE POWER CORPORATION,,,,,
GROTON DEPT OF UTILITIES - (CT),,,,,
GRUNDY CENTER MUN LIGHT & POWER,,,,,
GRUNDY COUNTY RURAL ELEC COOP,,,,,
"GRUNDY ELECTRIC COOP, INC",,,,,
GUADALUPE VALLEY ELEC COOP INC,,,,,
GUAM POWER AUTHORITY,,,,,
GUERNSEY-MUSKINGUM EL COOP INC,,,,,
"GULF COAST ELECTRIC COOP, INC",,,,,
GUNNISON COUNTY ELEC ASSN.,,,,,
GUNTERSVILLE ELECTRIC BOARD,,,,,
GUTHRIE COUNTY RURAL E C A,,,,,
GWITCHYAA ZHEE UTILITY CO,,,,,
HABERSHAM ELECTRIC MEMBERSHIP CORP,,,,,
HAGERSTOWN LIGHT DEPARTMENT,,,,,
HALIFAX ELECTRIC MEMBER CORP,,,,,
HAMILTON COUNTY ELEC COOP ASSN,,,,,
HANCOCK-WOOD ELECTRIC COOP INC,,,,,
HARLAN MUNICIPAL UTILITIES - (IA),,,,,
HARMON ELECTRIC ASSN INC,,,,,
"HARNEY ELECTRIC COOP, INC",,,,,
HARQUAHALA VALLEY PWR DISTRICT,,,,,
HARRISON COUNTY RRL ELEC COOP,,,,,
HARRISON COUNTY RURAL E M C,,,,,
"HARRISON RURAL ELEC ASSN, INC",,,,,
HART ELECTRIC MEMBER CORP,,,,,
HARTFORD ELECTRIC,,,,,
HAVANA POWER & LIGHT COMPANY,,,,,
HAWAII ELECTRIC LIGHT CO INC,,,,,
HAWAIIAN ELECTRIC CO INC,,,,,
HAWLEY PUBLIC UTILITIES COMM,,,,,
HAYWOOD ELECTRIC MEMBER CORP,,,,,
H-D ELECTRIC COOP INC,,,,,
HEART OF TEXAS ELECTRIC COOP,,,,,
HEARTLAND POWER COOP,,,,,
HEARTLAND REMC,,,,,
"HEARTLAND RURAL ELEC COOP, INC",,,,,
HEBER LIGHT & POWER COMPANY,,,,,
HEMLOCK VALLEY UTILITIES,,,,,
HENDERSON CITY UTILITY COMM,,,,,
HENDRICKS COUNTY RURAL E M C,,,,,
HENRY COUNTY RURAL E M C,,,,,
HIBBING PUBLIC UTILITIES COMM,,,,,
HIGH PLAINS POWER INC,,,,,
"HIGH WEST ENERGY, INC",,,,,
HIGHLINE ELECTRIC ASSN,,,,,
"HILCO ELECTRIC COOPERATIVE, INC.",,,,,
"HILL COUNTY ELECTRIC COOP, INC",,,,,
HILLSDALE BOARD OF PUBLIC WKS,,,,,
HOHOKAM IRR & DRAIN DIST,,,,,
HOLMES-WAYNE ELECTRIC COOP INC,,,,,
"HOLSTON ELECTRIC COOP, INC",,,,,
"HOLY CROSS ELECTRIC ASSN, INC",,,,,
HOMER ELECTRIC ASSN INC,,,,,
HOOD RIVER ELECTRIC COOP,,,,,
HOOVERSVILLE BORO ELEC LGT CO,,,,,
HORRY ELECTRIC COOP INC,,,,,
HOULTON WATER COMPANY,,,,,
HOUSTON COUNTY ELEC COOP INC,,,,,
HOWARD ELECTRIC COOP,,,,,
HOWARD GREELEY RURAL P P D,,,,,
"HOWELL-OREGON ELEC COOP, INC",,,,,
HUGHES POWER & LIGHT CO,,,,,
HULL MUNICIPAL LIGHT PLANT,,,,,
HURRICANE CITY POWER,,,,,
HUSTISFORD UTILITIES,,,,,
HUTCHINSON UTILITIES COMM,,,,,
HYRUM CITY CORPORATION,,,,,
"IDAHO COUNTY L&P COOP ASSN, INC",,,,,
IDAHO POWER CO,,,,,
IGIUGIG ELECTRIC COMPANY,,,,,
ILLINOIS RURAL ELECTRIC COOP,,,,,
IMPERIAL IRRIGATION DISTRICT,,,,,
"INDIAN ELECTRIC COOP, INC",,,,,
INDIANA MICHIGAN POWER CO,,,,,
INDIANAPOLIS POWER & LIGHT CO,,,,,
INDIANOLA MUNICIPAL UTILITIES,,,,,
INLAND POWER & LIGHT COMPANY,,,,,
"I-N-N ELECTRIC COOP, INC",,,,,
"INSIDE PASSAGE ELEC COOP, INC",,,,,
INTER COUNTY ENERGY COOP CORP,,,,,
INTERCOUNTY ELECTRIC COOP ASSN,,,,,
INTERSTATE POWER AND LIGHT CO,,,,,
IOWA LAKES ELECTRIC COOP,,,,,
IPNATCHIAQ ELECTRIC COMPANY,,,,,
IRWIN ELECTRIC MEMBERSHIP CORP,,,,,
ITASCA-MANTRAP CO-OP ELECTRICAL ASSN,,,,,
J-A-C ELECTRIC COOP INC,,,,,
JACKSON COUNTY RURAL E M C - (IN),,,,,
"JACKSON ELECTRIC COOP, INC - (TX)",,,,,
"JACKSON ELECTRIC COOP, INC - (WI)",,,,,
JACKSON ELECTRIC MEMBER CORP - (GA),,,,,
JACKSON ENERGY COOP CORP - (KY),,,,,
JACKSON PURCHASE ENERGY CORPORATION,,,,,
JAMESTOWN BOARD OF PUBLIC UTIL,,,,,
JASPER COUNTY RURAL E M C,,,,,
"JASPER-NEWTON ELEC COOP, INC",,,,,
JAY COUNTY RURAL E M C,,,,,
JEA,,,,,
"JEFFERSON DAVIS ELEC COOP, INC",,,,,
JEFFERSON ELECTRIC MEMBER CORP,,,,,
JEFFERSON UTILITIES,,,,,
"JEMEZ MOUNTAINS ELEC COOP, INC",,,,,
JERSEY CENTRAL POWER & LT CO,,,,,
"JO-CARROLL ENERGY, INC",,,,,
JOE WHEELER ELEC MEMBER CORP,,,,,
JOHNSON CITY - (TN),,,,,
JOHNSON COUNTY RURAL E M C,,,,,
JONES-ONSLOW ELEC MEMBER CORP,,,,,
JUMP RIVER ELECTRIC COOP INC,,,,,
JUNEAU UTILITY COMM,,,,,
K C ELECTRIC ASSOCIATION,,,,,
KANDIYOHI POWER COOP,,,,,
KANKAKEE VALLEY RURAL E M C,,,,,
KANOSH TOWN CORPORATION,,,,,
KARNES ELECTRIC COOP INC,,,,,
KAUAI ISLAND UTILITY COOPERATIVE,,,,,
KAY ELECTRIC COOP,,,,,
KAYSVILLE CITY CORPORATION,,,,,
KBR RURAL PUBLIC POWER DISTRICT,,,,,
KEEWATIN PUBLIC UTILITIES,,,,,
KEM ELECTRIC COOP INC,,,,,
KENERGY CORP,,,,,
KENNEBUNK LIGHT & POWER DIST,,,,,
KENTUCKY POWER CO,,,,,
KENTUCKY UTILITIES CO,,,,,
KENYON MUNICIPAL UTILITIES,,,,,
KEOSAUQUA MUNICIPAL LIGHT & PWR,,,,,
KERRVILLE PUBLIC UTILITY BOARD,,,,,
KETCHIKAN PUBLIC UTILITIES,,,,,
"KIAMICHI ELECTRIC COOP, INC",,,,,
KINGS RIVER CONSERVATION DIST,,,,,
"KINGSBURY ELECTRIC COOP, INC",,,,,
KINGSPORT POWER CO,,,,,
KIRBYVILLE LIGHT & POWER CO,,,,,
KISSIMMEE UTILITY AUTHORITY,,,,,
"KIT CARSON ELECTRIC COOP, INC",,,,,
KNOXVILLE UTILITIES BOARD,,,,,
KODIAK ELECTRIC ASSN INC,,,,,
KOKHANOK VILLAGE COUNCIL,,,,,
KOOTENAI ELECTRIC COOPERATIVE,,,,,
KOSCIUSKO COUNTY RURAL E M C,,,,,
KOTZEBUE ELECTRIC ASSN INC,,,,,
KUIGGLUUM KALLUGVIA,,,,,
KWIG POWER COMPANY,,,,,
KYUQUOT POWER LTD,,,,,
LA FARGE MUNICIPAL ELECTRIC CO,,,,,
"LA PLATA ELECTRIC ASSN, INC",,,,,
LA PORTE CITY UTILITIES,,,,,
"LACLEDE ELECTRIC COOP, INC",,,,,
"LACREEK ELECTRIC ASSN, INC",,,,,
LAGRANGE COUNTY RURAL E M C,,,,,
LAKE COUNTRY POWER,,,,,
LAKE MILLS LIGHT & WATER,,,,,
"LAKE PLACID VILLAGE, INC - (NY)",,,,,
"LAKE REGION ELECTRIC ASSN, INC - (SD)",,,,,
"LAKE REGION ELECTRIC COOP, INC - (OK)",,,,,
LAKE REGION ELECTRIC COOPERATIVE - (MN),,,,,
LAKEVIEW LIGHT & POWER,,,,,
LAMAR COUNTY ELEC COOP ASSN,,,,,
"LAMB COUNTY ELECTRIC COOP, INC",,,,,
LANE ELECTRIC COOP INC,,,,,
LANESBORO PUBLIC UTILITY COMM,,,,,
"LANE-SCOTT ELECTRIC COOP, INC",,,,,
LASSEN MUNICIPAL UTILITY DISTRICT,,,,,
LATHROP IRRIGATION DISTRICT,,,,,
"LAURENS ELECTRIC COOP, INC",,,,,
LAWRENCEBURG MUNICIPAL UTILS,,,,,
"LEA COUNTY ELECTRIC COOP, INC",,,,,
"LEE COUNTY ELECTRIC COOP, INC",,,,,
LEHI CITY CORPORATION,,,,,
LETHBRIDGE ELECTRIC UTILITY(CITY OF),,,,,
LEVAN TOWN CORPORATION - (UT),,,,,
LEWIS COUNTY RURAL E C A,,,,,
LIBERTY UTILITIES,,,,,
LIBERTY UTILITIES (GRANITE STATE ELECTRI,,,,,
LICKING RURAL ELECTRIC INC,,,,,
LICKING VALLEY RURAL E C C,,,,,
"LIGHTHOUSE ELECTRIC COOP, INC",,,,,
LINCOLN COUNTY POWER DIST NO 1,,,,,
"LINCOLN ELECTRIC COOP, INC",,,,,
LINCOLN ELECTRIC SYSTEM,,,,,
LINN COUNTY REC,,,,,
LITCHFIELD PUBLIC UTILITIES,,,,,
LITTLE OCMULGEE EL MEMBER CORP,,,,,
LITTLE RIVER ELECTRIC COOP INC,,,,,
LOCKHART POWER CO,,,,,
LOCKWOOD WATER & LIGHT COMPANY,,,,,
LOGAN COUNTY COOP POWER & LIGHT,,,,,
LONG ISLAND POWER AUTHORITY,,,,,
"LORAIN-MEDINA R E C, INC",,,,,
LOS ALAMOS COUNTY,,,,,
LOS ANGELES DEPARTMENT OF WATER & POWER,,,,,
LOST RIVER ELECTRIC COOP INC,,,,,
LOUDON UTILITIES BOARD,,,,,
LOUISVILLE ELECTRIC SYSTEM,,,,,
LOUISVILLE GAS & ELECTRIC CO,,,,,
LOUP RIVER PUBLIC POWER DIST,,,,,
LOUP VALLEYS RURAL P P D,,,,,
LOWER VALLEY ENERGY INC,,,,,
"LOWER YELLOWSTONE R E A, INC",,,,,
LUMBEE RIVER ELEC MEMBER CORP,,,,,
"LYNCHES RIVER ELEC COOP, INC",,,,,
"LYNTEGAR ELECTRIC COOP, INC",,,,,
"LYON ELECTRIC COOPERATIVE, INC.",,,,,
LYON RURAL ELECTRIC COOP,,,,,
M J M ELECTRIC COOPERATIVE INC,,,,,
MACON ELECTRIC COOP,,,,,
MADISON GAS & ELECTRIC CO,,,,,
MADISONVILLE MUNICIPAL UTILS,,,,,
MAGIC VALLEY ELECTRIC COOP INC,,,,,
MAGNOLIA ELECTRIC POWER ASSN,,,,,
MANITOWOC PUBLIC UTILITIES,,,,,
MANOKOTAK POWER COMPANY,,,,,
MAQUOKETA VALLEY RRL ELEC COOP,,,,,
MARIAS RIVER ELECTRIC COOP INC,,,,,
MARICOPA COUNTY M W C DIST #1,,,,,
"MARLBORO ELECTRIC COOP, INC",,,,,
MARSHALL COUNTY RURAL E M C,,,,,
MARSHALL-DE KALB ELECTRIC COOP,,,,,
MARYVILLE UTILITIES,,,,,
MASSACHUSETTS BAY TRANS AUTHORITY,,,,,
MASSACHUSETTS ELECTRIC CO,,,,,
MATANUSKA ELECTRIC ASSN INC,,,,,
MATINICUS PLANTATION ELEC CO,,,,,
MAUI ELECTRIC CO LTD,,,,,
MCCONE ELECTRIC COOP INC,,,,,
MCCOOK PUBLIC POWER DISTRICT,,,,,
MCDONOUGH POWER COOP,,,,,
MCGRATH LIGHT & POWER CO,,,,,
MCKENZIE ELECTRIC COOP INC,,,,,
"MCLEAN ELECTRIC COOP, INC",,,,,
MCLEOD COOPERATIVE POWER ASSN,,,,,
MCMINNVILLE ELECTRIC SYSTEM,,,,,
MCMULLEN VALLEY WATER C&D DIST,,,,,
MEADE COUNTY RURAL E C C,,,,,
MEADOW TOWN CORPORATION,,,,,
MECKLENBURG ELECTRIC COOPERATIVE,,,,,
MEDICINE HAT (CITY OF),,,,,
"MEDINA ELECTRIC COOP, INC",,,,,
MEEKER COOP LIGHT & POWER ASSN,,,,,
MELROSE PUBLIC UTILITIES,,,,,
MENARD ELECTRIC COOP,,,,,
MERCED IRRIGATION DISTRICT,,,,,
MERIWETHER LEWIS ELECTRIC COOP,,,,,
METLAKATLA POWER & LIGHT,,,,,
METROPOLITAN EDISON CO,,,,,
MIAMI-CASS COUNTY RURAL E M C,,,,,
MIDAMERICAN ENERGY CO,,,,,
MID-CAROLINA ELECTRIC COOP INC,,,,,
MIDDLE GEORGIA EL MEMBER CORP,,,,,
MIDDLE KUSKOKWIM ELEC COOP INC,,,,,
MIDDLE TENNESSEE E M C,,,,,
MIDLAND POWER COOP,,,,,
"MID-OHIO ENERGY COOP, INC",,,,,
MID-SOUTH ELECTRIC COOP ASSN,,,,,
"MIDSTATE ELECTRIC COOP, INC",,,,,
MIDVALE IRRIGATION DISTRICT,,,,,
MIDWEST ELECTRIC MEMBER CORP,,,,,
"MIDWEST ELECTRIC, INC",,,,,
MIDWEST ENERGY COOPERATIVE,,,,,
MIDWEST ENERGY INC,,,,,
"MID-YELLOWSTONE ELEC COOP, INC",,,,,
MIENERGY COOPERATIVE,,,,,
MILLE LACS ENERGY COOPERATIVE,,,,,
MINNESOTA VALLEY COOP L&P ASSN,,,,,
MINNESOTA VALLEY ELECTRIC COOP,,,,,
MISSISSIPPI COUNTY ELECTRIC CO,,,,,
MISSISSIPPI POWER CO,,,,,
"MISSOULA ELECTRIC COOP, INC",,,,,
MISSOURI RURAL ELECTRIC COOP,,,,,
MITCHELL ELECTRIC MEMBER CORP,,,,,
MODERN ELECTRIC WATER COMPANY,,,,,
MODESTO IRRIGATION DISTRICT,,,,,
"MOHAVE ELECTRIC COOPERATIVE, INC.",,,,,
MOHAWK MUNICIPAL COMM,,,,,
MOHEGAN TRIBAL UTILITY AUTHORITY,,,,,
MONONGAHELA POWER CO,,,,,
"MONROE COUNTY ELEC COOP, INC",,,,,
MONROE COUNTY ELEC POWER ASSN,,,,,
MONT ALTO BOROUGH,,,,,
MONTANA-DAKOTA UTILITIES CO,,,,,
MOON LAKE ELECTRIC ASSN INC,,,,,
MOOSE LAKE WATER & LIGHT COMM,,,,,
MORA-SAN MIGUEL ELEC COOP,,,,,
MOREAU-GRAND ELECTRIC COOP INC,,,,,
MORENCI WATER AND ELECTRIC,,,,,
MORGAN CITY - (LA),,,,,
MORGAN CITY - (UT),,,,,
MORGAN COUNTY RURAL ELEC ASSN,,,,,
MOR-GRAN-SOU ELECTRIC COOP INC,,,,,
"MOUNTAIN ELECTRIC COOP, INC",,,,,
"MOUNTAIN PARKS ELECTRIC, INC",,,,,
"MOUNTAIN VIEW ELEC ASSN, INC",,,,,
MOUNTRAIL-WILLIAMS ELEC COOP,,,,,
MT CARMEL PUBLIC UTILITY CO,,,,,
"MT WHEELER POWER, INC",,,,,
"NAKNEK ELECTRIC ASSN, INC",,,,,
NANTUCKET ELECTRIC CO,,,,,
NAPAKIAK IRCINRAQ POWER CO,,,,,
NASHVILLE ELECTRIC SERVICE,,,,,
NATCHEZ TRACE ELEC POWER ASSN,,,,,
NATIVE VILLAGE OF PERRYVILLE - (AK),,,,,
NAVAJO TRIBAL UTILITY AUTHORITY,,,,,
"NAVARRO COUNTY ELEC COOP, INC",,,,,
"NAVASOTA VALLEY ELEC COOP, INC",,,,,
"NAVOPACHE ELECTRIC COOP, INC",,,,,
NEBRASKA PUBLIC POWER DISTRICT,,,,,
NELSON LAGOON ELEC COOP INC,,,,,
"NEMAHA-MARSHALL E C A, INC",,,,,
NEPHI CITY CORPORATION,,,,,
"NESPELEM VALLEY ELEC COOP, INC",,,,,
NEVADA POWER CO,,,,,
NEW CASTLE MUNICIPAL SERV COMM,,,,,
"NEW ENTERPRISE R E C, INC",,,,,
NEW HAMPSHIRE ELEC COOP INC,,,,,
NEW HAMPTON VILLAGE PRECINCT,,,,,
NEW LONDON ELECTRIC&WATER UTIL,,,,,
NEW LONDON MUNICIPAL UTILITIES,,,,,
NEW PRAGUE UTILITIES COMM,,,,,
NEW RIVER LIGHT & POWER CO,,,,,
NEW SMYRNA BEACH CITY OF,,,,,
NEW ULM PUBLIC UTILITIES COMM,,,,,
NEW YORK STATE ELEC & GAS CORP,,,,,
"NEWBERRY ELECTRIC COOP, INC",,,,,
NEWBERRY WATER & LIGHT BOARD,,,,,
"NEW-MAC ELECTRIC COOP, INC",,,,,
"NEWNAN WTR, SEWER & LIGHT COMM",,,,,
NEWTON COUNTY RURAL E M C,,,,,
NIAGARA MOHAWK POWER CORP.,,,,,
NINESTAR CONNECT,,,,,
NINNESCAH RURAL E C A INC,,,,,
"NIOBRARA ELECTRIC ASSN, INC",,,,,
NIOBRARA VALLEY EL MEMBER CORP,,,,,
NISHNABOTNA VALLEY R E C,,,,,
NOBLE COUNTY R E M C,,,,,
NOBLES COOPERATIVE ELECTRIC,,,,,
NODAK ELECTRIC COOP INC,,,,,
NOLIN RURAL ELECTRIC COOP CORP,,,,,
NOME JOINT UTILITY SYSTEMS,,,,,
NORRIS ELECTRIC COOP,,,,,
NORRIS PUBLIC POWER DISTRICT,,,,,
NORTH ALABAMA ELECTRIC COOP,,,,,
"NORTH ARKANSAS ELEC COOP, INC",,,,,
NORTH BRANCH WATER & LIGHT COMM,,,,,
NORTH CAROLINA EASTERN M P A,,,,,
"NORTH CENTRAL ELEC COOP, INC",,,,,
"NORTH CENTRAL ELEC COOP, INC",,,,,
NORTH CENTRAL MO ELEC COOP INC,,,,,
NORTH CENTRAL POWER CO INC,,,,,
NORTH CENTRAL PUBLIC PWR DIST,,,,,
NORTH EAST MISSISSIPPI EPA,,,,,
NORTH GEORGIA ELEC MEMBER CORP,,,,,
NORTH ITASCA ELECTRIC COOP INC,,,,,
NORTH PLAINS ELECTRIC COOP INC,,,,,
NORTH SHORE TOWERS APTS INC,,,,,
NORTH SLOPE BOROUGH POWER & LIGHT,,,,,
"NORTH STAR ELECTRIC COOP, INC",,,,,
NORTH WEST RURAL ELECTRIC COOP,,,,,
"NORTH WESTERN ELEC COOP, INC",,,,,
NORTHCENTRAL MISSISSIPPI E P A,,,,,
NORTHEAST LOUISIANA POWER COOP INC.,,,,,
NORTHEAST OKLAHOMA ELECTRIC CO,,,,,
NORTHEAST POWER,,,,,
NORTHEASTERN RURAL E M C,,,,,
"NORTHERN ELECTRIC COOP, INC",,,,,
NORTHERN INDIANA PUB SERV CO,,,,,
"NORTHERN LIGHTS, INC",,,,,
"NORTHERN NECK ELEC COOP, INC",,,,,
NORTHERN PLAINS ELECTRIC COOP,,,,,
NORTHERN RIO ARRIBA E COOP INC,,,,,
NORTHERN STATES POWER CO,,,,,
NORTHERN STATES POWER CO - MINNESOTA,,,,,
NORTHERN VIRGINIA ELEC COOP,,,,,
NORTHERN WASCO COUNTY PUD,,,,,
"NORTHFORK ELECTRIC COOP, INC",,,,,
NORTHWEST RURAL PUB PWR DIST,,,,,
NORTHWESTERN ELECTRIC COOP INC - (OK),,,,,
NORTHWESTERN ENERGY - (SD),,,,,
NORTHWESTERN ENERGY LLC - (MT),,,,,
"NORTHWESTERN RURAL E C A, INC - (PA)",,,,,
NORTHWESTERN WISCONSIN ELEC CO,,,,,
"NORVAL ELECTRIC COOPERATIVE, INC",,,,,
NORWALK THIRD TAXING DISTRICT,,,,,
NSTAR ELECTRIC COMPANY,,,,,
NUECES ELECTRIC COOPERATIVE,,,,,
"NUSHAGAK ELECTRIC COOP, INC",,,,,
OAHE ELECTRIC COOP INC,,,,,
OAKDALE ELECTRIC COOP,,,,,
OCMULGEE ELECTRIC MEMBER CORP,,,,,
OCONEE ELECTRIC MEMBER CORP,,,,,
OCONOMOWOC UTILITIES,,,,,
OCONTO ELECTRIC COOPERATIVE,,,,,
OCONTO FALLS WATER & LIGHT COMM,,,,,
OCOTILLO WATER CONSERV. DIST.,,,,,
OHIO EDISON CO,,,,,
OHIO POWER CO,,,,,
OHIO VALLEY ELECTRIC CORP,,,,,
"OHOP MUTUAL LIGHT COMPANY, INC",,,,,
"OKANOGAN COUNTY ELEC COOP, INC",,,,,
OKEENE PUBLIC WORKS AUTHORITY,,,,,
OKEFENOKE RURAL EL MEMBER CORP,,,,,
OKLAHOMA ELECTRIC COOP INC,,,,,
OKLAHOMA GAS & ELECTRIC CO,,,,,
OMAHA PUBLIC POWER DISTRICT,,,,,
ONCOR ELECTRIC DELIVERY COMPANY LLC,,,,,
"ONEIDA-MADISON ELEC COOP, INC",,,,,
ONTONAGON COUNTY R E A,,,,,
ORANGE & ROCKLAND UTILS INC,,,,,
ORANGE COUNTY RURAL E M C,,,,,
ORCAS POWER & LIGHT COOP,,,,,
"OREGON TRAIL EL CONS COOP, INC",,,,,
ORLANDO UTILITIES COMM,,,,,
OSAGE VALLEY ELEC COOP ASSN,,,,,
"OSCEOLA ELECTRIC COOP, INC",,,,,
OTERO COUNTY ELECTRIC COOP INC,,,,,
"OTSEGO ELECTRIC COOP, INC",,,,,
OTTER TAIL POWER CO,,,,,
OUACHITA ELECTRIC COOP CORP,,,,,
OVERTON POWER DISTRICT NO 5,,,,,
OWEN ELECTRIC COOP INC,,,,,
OZARK BORDER ELECTRIC COOP,,,,,
OZARK ELECTRIC COOP INC - (MO),,,,,
OZARKS ELECTRIC COOP CORP - (AR),,,,,
"P K M ELECTRIC COOP, INC",,,,,
PACIFIC GAS & ELECTRIC CO.,,,,,
PACIFICORP,,,,,
PAGE UTILITY ENTERPRISES,,,,,
PALMETTO ELECTRIC COOP INC,,,,,
PANHANDLE RURAL EL MEMBER ASSN,,,,,
"PANOLA-HARRISON ELEC COOP, INC",,,,,
PARAGOULD LIGHT & WATER COMM,,,,,
PARK ELECTRIC COOP INC,,,,,
PARKE COUNTY RURAL E M C,,,,,
PARKLAND LIGHT & WATER COMPANY,,,,,
PAROWAN CITY CORPORATION,,,,,
PASCOAG UTILITY DISTRICT,,,,,
"PAULDING-PUTMAN ELEC COOP, INC",,,,,
PAYSON CITY CORPORATION,,,,,
PEA RIVER ELECTRIC COOP,,,,,
"PEACE RIVER ELECTRIC COOP, INC",,,,,
PEARL RIVER VALLEY EL PWR ASSN,,,,,
PECO ENERGY CO,,,,,
"PEDERNALES ELECTRIC COOP, INC",,,,,
PEDRO BAY VILLAGE COUNCIL - (AK),,,,,
"PEE DEE ELECTRIC COOP, INC",,,,,
PEE DEE ELECTRIC MEMBER CORP,,,,,
PELICAN UTILITY,,,,,
PELLA COOPERATIVE ELEC ASSN,,,,,
PEMISCOT-DUNKLIN ELEC COOP INC,,,,,
PENINSULA LIGHT COMPANY,,,,,
PENNSYLVANIA ELECTRIC CO,,,,,
PENNSYLVANIA POWER CO,,,,,
PENNYRILE RURAL ELECTRIC COOP,,,,,
PEOPLE'S COOPERATIVE SERVICES,,,,,
PEOPLE'S ELECTRIC COOPERATIVE,,,,,
PERENNIAL PUBLIC POWER DIST,,,,,
PETERSBURG BOROUGH - (AK),,,,,
PETIT JEAN ELECTRIC COOP CORP,,,,,
PHILIPPI MUNICIPAL ELECTRIC,,,,,
PICKWICK ELECTRIC COOP,,,,,
PIEDMONT ELECTRIC MEMBER CORP,,,,,
PIERCE-PEPIN COOP SERVICES,,,,,
PIKE COUNTY LIGHT & POWER CO,,,,,
"PIONEER ELECTRIC COOP, INC - (AL)",,,,,
"PIONEER ELECTRIC COOP, INC - (KS)",,,,,
PIONEER POWER AND LIGHT CO,,,,,
"PIONEER RURAL ELEC COOP, INC - (OH)",,,,,
PITT & GREENE ELEC MEMBER CORP,,,,,
PITTSBURG POWER COMPANY,,,,,
PLANTERS ELECTRIC MEMBER CORP,,,,,
PLATEAU ELECTRIC COOPERATIVE,,,,,
"PLATTE-CLAY ELECTRIC COOP, INC",,,,,
PLEASANT HILL COMMUNITY LINE,,,,,
PLUMAS-SIERRA RURAL ELEC COOP,,,,,
POINTE COUPEE ELEC MEMBER CORP,,,,,
POLK COUNTY RURAL PUB PWR DIST,,,,,
POLK-BURNETT ELECTRIC COOP,,,,,
PONTOTOC ELECTRIC POWER ASSN,,,,,
PORT OF OAKLAND,,,,,
PORT OF STOCKTON - (CA),,,,,
PORTLAND GENERAL ELECTRIC CO,,,,,
POTOMAC ELECTRIC POWER CO,,,,,
"POUDRE VALLEY REA, INC",,,,,
POWDER RIVER ENERGY CORP,,,,,
POWELL VALLEY ELECTRIC COOP,,,,,
PPL ELECTRIC UTILITIES CORP,,,,,
PRAGUE PUBLIC WORKS AUTHORITY,,,,,
PRAIRIE ENERGY COOP,,,,,
PRAIRIE LAND ELECTRIC COOP INC,,,,,
PRECINCT OF WOODSVILLE,,,,,
PRENTISS COUNTY ELEC PWR ASSN,,,,,
PRESQUE ISLE ELEC & GAS COOP,,,,,
PRESTON PUBLIC UTILITIES COMM,,,,,
PRICE ELECTRIC COOP INC,,,,,
PRICE MUNICIPAL CORPORATION,,,,,
PRINCE GEORGE ELECTRIC COOP,,,,,
PRINCETON PUBLIC UTILS COMM,,,,,
PROCTOR PUBLIC UTILITIES COMM,,,,,
PROSPECT CORPORATION,,,,,
PROVO CITY CORP,,,,,
PUBLIC SERV COMM OF YAZOO CITY,,,,,
PUBLIC SERVICE CO OF COLORADO,,,,,
PUBLIC SERVICE CO OF NH,,,,,
PUBLIC SERVICE CO OF NM,,,,,
PUBLIC SERVICE CO OF OKLAHOMA,,,,,
PUBLIC SERVICE ELEC & GAS CO,,,,,
PUD 1 OF SNOHOMISH COUNTY,,,,,
PUD NO 1 OF ASOTIN COUNTY,,,,,
PUD NO 1 OF BENTON COUNTY,,,,,
PUD NO 1 OF CHELAN COUNTY,,,,,
PUD NO 1 OF CLALLAM COUNTY,,,,,
PUD NO 1 OF CLARK COUNTY - (WA),,,,,
PUD NO 1 OF COWLITZ COUNTY,,,,,
PUD NO 1 OF DOUGLAS COUNTY,,,,,
PUD NO 1 OF FERRY COUNTY,,,,,
PUD NO 1 OF FRANKLIN COUNTY,,,,,
PUD NO 1 OF GRAYS HARBOR COUNTY,,,,,
PUD NO 1 OF JEFFERSON COUNTY,,,,,
PUD NO 1 OF KITTITAS COUNTY,,,,,
PUD NO 1 OF KLICKITAT COUNTY,,,,,
PUD NO 1 OF LEWIS COUNTY,,,,,
PUD NO 1 OF MASON COUNTY,,,,,
PUD NO 1 OF OKANOGAN COUNTY,,,,,
PUD NO 1 OF PEND OREILLE COUNTY,,,,,
PUD NO 1 OF SKAMANIA CO,,,,,
PUD NO 1 OF WAHKIAKUM COUNTY,,,,,
PUD NO 1 OF WHATCOM COUNTY,,,,,
PUD NO 2 OF GRANT COUNTY,,,,,
PUD NO 2 OF PACIFIC COUNTY,,,,,
PUD NO 3 OF MASON COUNTY,,,,,
PUERTO RICO ELECTRIC PWR AUTHORITY,,,,,
PUGET SOUND ENERGY INC,,,,,
RACCOON VALLEY ELECTRIC COOPERATIVE,,,,,
RAFT RURAL ELEC COOP INC,,,,,
RALLS COUNTY ELECTRIC COOP,,,,,
RANCHO CUCAMONGA MUNICIPAL UTILITY,,,,,
RANDOLPH ELECTRIC MEMBER CORP,,,,,
RAPPAHANNOCK ELECTRIC COOP,,,,,
RATON PUBLIC SERVICE COMPANY,,,,,
"RAVALLI COUNTY ELEC COOP, INC",,,,,
RAYLE ELECTRIC MEMBERSHIP CORP,,,,,
REA ENERGY COOP INC,,,,,
RED DEER AB (CITY OF),,,,,
"RED LAKE ELECTRIC COOP, INC",,,,,
RED RIVER VALLEY COOP PWR ASSN,,,,,
RED RIVER VALLEY RRL ELEC ASSN,,,,,
REDWOOD ELECTRIC COOP,,,,,
REDWOOD FALLS PUBLIC UTIL COMM,,,,,
REEDSBURG UTILITY COMM,,,,,
REEDY CREEK IMPROVEMENT DIST,,,,,
RENVILLE-SIBLEY COOP PWR ASSN,,,,,
RICE LAKE UTILITIES,,,,,
"RICH MOUNTAIN ELEC COOP, INC",,,,,
RICHLAND ELECTRIC COOP,,,,,
"RIO GRANDE ELECTRIC COOP, INC",,,,,
"RITA BLANCA ELECTRIC COOP, INC",,,,,
RIVERLAND ENERGY COOPERATIVE,,,,,
RIVERSIDE ELECTRIC COOPERATIVE,,,,,
ROANOKE ELECTRIC MEMBER CORP,,,,,
ROCHELLE MUNICIPAL UTILITIES,,,,,
ROCHESTER GAS & ELECTRIC CORP,,,,,
ROCHESTER PUBLIC UTILITIES,,,,,
ROCK ENERGY COOPERATIVE,,,,,
ROCK RAPIDS MUNICIPAL UTILITY,,,,,
ROCKLAND ELECTRIC CO,,,,,
ROLLING HILLS ELECTRIC COOP,,,,,
ROOSEVELT COUNTY ELEC COOP INC,,,,,
ROOSEVELT PUBLIC POWER DIST,,,,,
"ROSEAU ELECTRIC COOP, INC",,,,,
ROSEBUD ELECTRIC COOP INC,,,,,
ROUGHRIDER ELECTRIC COOPERATIV,,,,,
RUNESTONE ELECTRIC ASSN,,,,,
RURAL ELECTRIC CONVEN COOP,,,,,
"RURAL ELECTRIC COOP, INC",,,,,
RUSHSHELBY ENERGY,,,,,
"RUSK COUNTY ELECTRIC COOP, INC",,,,,
RUTHERFORD ELEC MEMBER CORP,,,,,
SAC-OSAGE ELECTRIC COOP INC,,,,,
SACRAMENTO MUNICIPAL UTIL DIST,,,,,
SALEM CITY CORPORATION - (UT),,,,,
SALEM ELECTRIC - (OR),,,,,
SALMON RIVER ELECTRIC COOP INC,,,,,
SALT RIVER ELECTRIC COOP CORP,,,,,
SALT RIVER PROJECT,,,,,
SAM HOUSTON ELECTRIC COOP INC,,,,,
SAM RAYBURN MUNICIPAL PWR AGNY,,,,,
"SAN BERNARD ELECTRIC COOP, INC",,,,,
SAN DIEGO GAS & ELECTRIC CO,,,,,
"SAN ISABEL ELECTRIC ASSN, INC",,,,,
"SAN LUIS VALLEY R E C, INC",,,,,
"SAN MIGUEL POWER ASSN, INC",,,,,
SAN PATRICIO ELECTRIC COOP INC,,,,,
SAND MOUNTAIN ELECTRIC COOP,,,,,
SANGRE DE CRISTO ELEC ASSN INC,,,,,
"SANTEE ELECTRIC COOP, INC",,,,,
SATILLA RURAL ELEC MEMBER CORPORATION,,,,,
SAWNEE ELECTRIC MEMBERSHIP CORPORATION,,,,,
SCENIC RIVERS ENERGY COOP,,,,,
SEASIDE HEIGHTS MUNICIPAL UTILITY,,,,,
SEDGWICK COUNTY EL COOP ASSN INC,,,,,
SE-MA-NO ELECTRIC COOP,,,,,
SEMO ELECTRIC COOPERATIVE,,,,,
SEQUACHEE VALLEY ELECTRIC COOP,,,,,
SEVIER COUNTY ELECTRIC SYSTEM,,,,,
SEVILLE BOARD OF PUBLIC AFFAIRS,,,,,
SHAKOPEE PUBLIC UTILITIES COMM,,,,,
SHAWANO MUNICIPAL UTILITIES,,,,,
SHEFFIELD UTILITIES,,,,,
"SHELBY ELECTRIC COOP, INC",,,,,
"SHELBY ENERGY CO-OP, INC",,,,,
SHENANDOAH VALLEY ELEC COOP,,,,,
"SHERIDAN ELECTRIC COOP, INC",,,,,
"SIERRA ELECTRIC COOP, INC",,,,,
SIERRA PACIFIC POWER CO,,,,,
SILVERSMITH POWER & LIGHT CORP,,,,,
SINGING RIVER ELEC COOPERATIVE,,,,,
SIOUX VALLEY SW ELEC COOP,,,,,
SLASH PINE ELEC MEMBER CORP,,,,,
SLEEPY EYE PUBLIC UTILITY COMM,,,,,
SLINGER UTILITIES,,,,,
SLOPE ELECTRIC COOP INC,,,,,
SNAPPING SHOALS EL MEMBER CORP,,,,,
"SOCORRO ELECTRIC COOP, INC",,,,,
"SOMERSET RURAL ELEC COOP, INC",,,,,
"SOUTH ALABAMA ELEC COOP, INC",,,,,
SOUTH CAROLINA PUBLIC SERVICE AUTHORITY,,,,,
"SOUTH CENTRAL ARK EL COOP, INC",,,,,
SOUTH CENTRAL ELECTRIC ASSN,,,,,
SOUTH CENTRAL INDIANA REMC,,,,,
SOUTH CENTRAL POWER COMPANY,,,,,
SOUTH CENTRAL PUBLIC PWR DIST,,,,,
SOUTH KENTUCKY RURAL E C C,,,,,
SOUTH LOUISIANA ELEC COOP ASSN,,,,,
SOUTH PLAINS ELECTRIC COOP INC,,,,,
SOUTH RIVER ELEC MEMBER CORP,,,,,
"SOUTH SIDE ELECTRIC, INC",,,,,
"SOUTH TEXAS ELECTRIC COOP, INC",,,,,
SOUTH VIENNA CORPORATION,,,,,
SOUTHEAST COLORADO POWER ASSN,,,,,
"SOUTHEAST ELECTRIC COOP, INC",,,,,
SOUTHEASTERN ELECTRIC COOP INC - (OK),,,,,
SOUTHEASTERN ELECTRIC COOP INC - (SD),,,,,
"SOUTHEASTERN IL ELEC COOP, INC",,,,,
SOUTHEASTERN INDIANA R E M C,,,,,
SOUTHERN CALIFORNIA EDISON CO,,,,,
SOUTHERN ILLINOIS ELEC COOP,,,,,
SOUTHERN INDIANA GAS & ELEC CO,,,,,
"SOUTHERN INDIANA R E C, INC",,,,,
"SOUTHERN IOWA ELEC COOP, INC",,,,,
SOUTHERN MARYLAND ELEC COOP INC,,,,,
"SOUTHERN PINE ELEC COOP, INC",,,,,
SOUTHERN PINE ELECTRIC COOPERATIVE,,,,,
SOUTHERN PIONEER ELECTRIC COMPANY,,,,,
SOUTHERN PUBLIC POWER DISTRICT,,,,,
SOUTHERN RIVERS ENERGY,,,,,
"SOUTHSIDE ELECTRIC COOP, INC",,,,,
SOUTHWEST ARKANSAS E C C,,,,,
"SOUTHWEST ELECTRIC COOP, INC",,,,,
SOUTHWEST IOWA RURAL ELEC COOP,,,,,
SOUTHWEST LOUISIANA E M C,,,,,
SOUTHWEST MISSISSIPPI E P A,,,,,
SOUTHWEST PUBLIC POWER DIST,,,,,
SOUTHWEST RURAL ELEC ASSN INC,,,,,
SOUTHWEST TENNESSEE E M C,,,,,
"SOUTHWEST TEXAS ELEC COOP, INC",,,,,
SOUTHWESTERN ELECTRIC COOP INC - (IL),,,,,
SOUTHWESTERN ELECTRIC COOP INC - (NM),,,,,
SOUTHWESTERN ELECTRIC POWER CO,,,,,
SOUTHWESTERN PUBLIC SERVICE CO,,,,,
SPANISH FORK CITY CORPORATION,,,,,
"SPOON RIVER ELECTRIC COOP, INC",,,,,
SPRING CITY CORPORATION,,,,,
SPRING VALLEY PUB UTILS COMM,,,,,
"SPRINGER ELECTRIC COOP, INC",,,,,
SPRINGFIELD PUBLIC UTILS COMM - (MN),,,,,
ST CROIX ELECTRIC COOP,,,,,
STANTON COUNTY PUBLIC PWR DIST,,,,,
STEARNS COOPERATIVE ELEC ASSN,,,,,
STEELE-WASECA COOPERATIVE ELECTRIC,,,,,
STEUBEN COUNTY RURAL E M C,,,,,
"STEUBEN RURAL ELEC COOP, INC",,,,,
STILLWATER UTILITIES AUTHORITY,,,,,
STRAWBERRY ELECTRIC SERV DIST,,,,,
"SULLIVAN COUNTY R E C, INC - (PA)",,,,,
SULPHUR SPRINGS VALLEY E C INC,,,,,
"SUMNER-COWLEY ELEC COOP, INC",,,,,
"SUMTER ELECTRIC COOP, INC",,,,,
SUMTER ELECTRIC MEMBER CORP,,,,,
SUN PRAIRIE UTILITIES,,,,,
"SUN RIVER ELECTRIC COOP, INC",,,,,
SUPERIOR WATER AND LIGHT CO,,,,,
SURPRISE VALLEY ELECTRIFICATION,,,,,
SURRY-YADKIN ELEC MEMBER CORP,,,,,
SUSSEX RURAL ELECTRIC COOP INC,,,,,
SUWANNEE VALLEY ELEC COOP INC,,,,,
"SWISHER ELECTRIC COOP, INC",,,,,
SYLACAUGA UTILITIES BOARD,,,,,
T I P RURAL ELECTRIC COOP,,,,,
TAHLEQUAH PUBLIC WORKS AUTHORITY,,,,,
TALLAHATCHIE VALLEY E P A,,,,,
TALLAPOOSA RIVER ELEC COOP INC,,,,,
"TALQUIN ELECTRIC COOP, INC",,,,,
TAMPA ELECTRIC CO,,,,,
TANANA POWER CO INC,,,,,
TANNER ELECTRIC COOP,,,,,
TATITLEK ELECTRIC UTILITY,,,,,
TAYLOR COUNTY RURAL E C C,,,,,
TAYLOR ELECTRIC COOP - (WI),,,,,
TAYLOR ELECTRIC COOP INC - (TX),,,,,
TDX MANLEY GENERATING LLC,,,,,
TDX NORTH SLOPE GENERATING CO,,,,,
TECUMSEH UTILITY AUTHORITY,,,,,
TENNESSEE VALLEY AUTHORITY,,,,,
TENNESSEE VALLEY ELECTRIC COOP,,,,,
TERREBONNE PARISH CONSOL GOV'T,,,,,
TEXAS-NEW MEXICO POWER CO,,,,,
THE NARRAGANSETT ELECTRIC CO,,,,,
THE POTOMAC EDISON COMPANY,,,,,
THE TOLEDO EDISON CO,,,,,
THREE NOTCH ELEC MEMBER CORP,,,,,
THREE RIVERS ELECTRIC COOP,,,,,
THUMB ELECTRIC COOP OF MICH,,,,,
THURMONT MUNICIPAL LIGHT CO,,,,,
TIDELAND ELECTRIC MEMBER CORP,,,,,
TILLAMOOK PEOPLES UTILITY DIST,,,,,
TIPMONT RURAL ELEC MEMBER CORP,,,,,
TIPPAH ELECTRIC POWER ASSN,,,,,
TIPTON MUNICIPAL ELECTRIC UTIL,,,,,
TISHOMINGO COUNTY E P A,,,,,
TODD-WADENA ELECTRIC COOP,,,,,
TOHONO O'ODHAM UTILITY AUTHORITY,,,,,
"TOMBIGBEE ELECTRIC COOP, INC",,,,,
TOMBIGBEE ELECTRIC POWER ASSN,,,,,
TONGUE RIVER ELECTRIC COOP INC,,,,,
TONOPAH IRRIGATION DISTRICT,,,,,
TOWN OF ADVANCE - (IN),,,,,
TOWN OF APEX- (NC),,,,,
TOWN OF ARGOS,,,,,
TOWN OF ASHBURNHAM - (MA),,,,,
TOWN OF ASHLAND,,,,,
TOWN OF AVILLA - (IN),,,,,
TOWN OF AYDEN - (NC),,,,,
TOWN OF BAINBRIDGE - (IN),,,,,
TOWN OF BARGERSVILLE - (IN),,,,,
TOWN OF BASIN - (WY),,,,,
TOWN OF BEDFORD - (VA),,,,,
TOWN OF BELHAVEN - (NC),,,,,
TOWN OF BELMONT - (MA),,,,,
TOWN OF BENSON - (NC),,,,,
TOWN OF BERLIN - (MD),,,,,
TOWN OF BLACK CREEK - (NC),,,,,
TOWN OF BLACKSTONE - (VA),,,,,
TOWN OF BOSTIC - (NC),,,,,
TOWN OF BOYCE,,,,,
TOWN OF BOYLSTON - (MA),,,,,
TOWN OF BRAINTREE - (MA),,,,,
TOWN OF BRAMAN - (OK),,,,,
TOWN OF BRINSON - (GA),,,,,
TOWN OF BROOKLYN,,,,,
TOWN OF BROOKSTON - (IN),,,,,
TOWN OF CENTERVILLE - (IN),,,,,
TOWN OF CHALMERS - (IN),,,,,
TOWN OF CHESTER,,,,,
TOWN OF CLAYTON,,,,,
TOWN OF CLAYTON,,,,,
TOWN OF COATESVILLE - (IN),,,,,
TOWN OF CONCORD - (MA),,,,,
TOWN OF CORNELIUS - (NC),,,,,
TOWN OF CRANE - (IN),,,,,
TOWN OF CULPEPER- (VA),,,,,
TOWN OF DALLAS - (NC),,,,,
TOWN OF DANVERS,,,,,
TOWN OF DREXEL - (NC),,,,,
TOWN OF DUNREITH - (IN),,,,,
TOWN OF EATONVILLE - (WA),,,,,
TOWN OF EDENTON - (NC),,,,,
TOWN OF ELKTON,,,,,
TOWN OF ENFIELD - (NC),,,,,
TOWN OF ERWIN - (TN),,,,,
TOWN OF ESTES PARK,,,,,
TOWN OF ETNA GREEN,,,,,
TOWN OF FARMVILLE - (NC),,,,,
TOWN OF FERDINAND - (IN),,,,,
TOWN OF FLEMING - (CO),,,,,
TOWN OF FOREST CITY,,,,,
TOWN OF FORT LARAMIE- (WY),,,,,
TOWN OF FORT SUPPLY - (OK),,,,,
TOWN OF FOUNTAIN - (NC),,,,,
TOWN OF FRANKTON - (IN),,,,,
TOWN OF FREMONT - (NC),,,,,
TOWN OF FRONT ROYAL,,,,,
TOWN OF GEORGETOWN - (MA),,,,,
TOWN OF GRANADA - (CO),,,,,
TOWN OF GRANITE FALLS - (NC),,,,,
TOWN OF GROTON - (MA),,,,,
TOWN OF GROVELAND - (MA),,,,,
TOWN OF GUERNSEY - (WY),,,,,
TOWN OF GUEYDAN,,,,,
TOWN OF HAMILTON - (NC),,,,,
TOWN OF HARDWICK,,,,,
TOWN OF HAXTUN - (CO),,,,,
TOWN OF HIGH POINT,,,,,
TOWN OF HOBGOOD,,,,,
TOWN OF HOLDEN - (MA),,,,,
TOWN OF HOLDEN - (UT),,,,,
TOWN OF HOLLY - (CO),,,,,
TOWN OF HOOKERTON - (NC),,,,,
TOWN OF HUDSON - (MA),,,,,
TOWN OF HUNTERSVILLE - (NC),,,,,
TOWN OF IPSWICH - (MA),,,,,
TOWN OF JAMESTOWN - (IN),,,,,
TOWN OF KINGSFORD HEIGHTS,,,,,
TOWN OF KNIGHTSTOWN - (IN),,,,,
TOWN OF LA GRANGE - (NC),,,,,
TOWN OF LADOGA - (IN),,,,,
TOWN OF LANDIS - (NC),,,,,
TOWN OF LANGFORD- (SD),,,,,
TOWN OF LAVERNE - (OK),,,,,
TOWN OF LINGLE - (WY),,,,,
TOWN OF LITTLETON - (MA),,,,,
TOWN OF LITTLETON - (NH),,,,,
TOWN OF LOUISBURG - (NC),,,,,
TOWN OF LUCAMA - (NC),,,,,
TOWN OF LUSK - (WY),,,,,
TOWN OF LYONS - (CO),,,,,
TOWN OF MACCLESFIELD - (NC),,,,,
TOWN OF MADISON - (ME),,,,,
TOWN OF MAIDEN - (NC),,,,,
TOWN OF MANILLA - (IA),,,,,
TOWN OF MANNFORD - (OK),,,,,
TOWN OF MANSFIELD - (MA),,,,,
TOWN OF MARBLEHEAD - (MA),,,,,
TOWN OF MASSENA - (NY),,,,,
TOWN OF MCCORMICK - (SC),,,,,
TOWN OF MERRIMAC - (MA),,,,,
TOWN OF MIDDLEBOROUGH - (MA),,,,,
TOWN OF MIDDLETON,,,,,
TOWN OF MIDDLETOWN - (DE),,,,,
TOWN OF MIDDLETOWN - (IN),,,,,
TOWN OF MONTEZUMA - (IN),,,,,
TOWN OF MURPHY - (NC),,,,,
TOWN OF NEW CARLISLE- (IN),,,,,
TOWN OF NORTH ATTLEBOROUGH - (MA),,,,,
TOWN OF OAK CITY - (NC),,,,,
TOWN OF OAK CITY - (UT),,,,,
TOWN OF OAK CREEK - (CO),,,,,
TOWN OF PAOLI,,,,,
TOWN OF PARAGONAH - (UT),,,,,
TOWN OF PAXTON - (MA),,,,,
TOWN OF PENDLETON - (IN),,,,,
TOWN OF PICKSTOWN - (SD),,,,,
TOWN OF PIKEVILLE - (NC),,,,,
TOWN OF PINETOPS - (NC),,,,,
TOWN OF PINEVILLE - (NC),,,,,
TOWN OF PITTSBORO - (IN),,,,,
TOWN OF PRINCETON - (MA),,,,,
TOWN OF PROSPERITY - (SC),,,,,
TOWN OF READING - (MA),,,,,
TOWN OF RED SPRINGS - (NC),,,,,
TOWN OF RICHLANDS - (VA),,,,,
TOWN OF ROCKVILLE - (IN),,,,,
TOWN OF ROWLEY - (MA),,,,,
TOWN OF RUSTON - (WA),,,,,
TOWN OF RYAN - (OK),,,,,
TOWN OF SCOTLAND NECK - (NC),,,,,
TOWN OF SELMA - (NC),,,,,
TOWN OF SHARPSBURG - (NC),,,,,
TOWN OF SHREWSBURY - (MA),,,,,
TOWN OF SMITHFIELD - (NC),,,,,
TOWN OF SMYRNA - (DE),,,,,
TOWN OF SOUTH COFFEYVILLE - (OK),,,,,
TOWN OF SOUTH HADLEY - (MA),,,,,
TOWN OF SOUTH WHITLEY - (IN),,,,,
TOWN OF SPICELAND - (IN),,,,,
TOWN OF SPIRO - (OK),,,,,
TOWN OF SPRINGER - (NM),,,,,
TOWN OF STANTONSBURG - (NC),,,,,
TOWN OF STEILACOOM,,,,,
TOWN OF STERLING - (MA),,,,,
TOWN OF STOWE- (VT),,,,,
TOWN OF STRAUGHN - (IN),,,,,
TOWN OF TARBORO - (NC),,,,,
TOWN OF TEMPLETON - (MA),,,,,
TOWN OF THATCHER- (AZ),,,,,
TOWN OF VEEDERSBURG - (IN),,,,,
TOWN OF VIDALIA - (LA),,,,,
TOWN OF VINTON - (LA),,,,,
TOWN OF WAKE FOREST - (NC),,,,,
TOWN OF WAKEFIELD - (MA),,,,,
TOWN OF WAKEFIELD - (VA),,,,,
TOWN OF WALKERTON - (IN),,,,,
TOWN OF WALLINGFORD - (CT),,,,,
TOWN OF WALSTONBURG,,,,,
TOWN OF WARREN - (IN),,,,,
TOWN OF WAYNESVILLE - (NC),,,,,
TOWN OF WELLESLEY - (MA),,,,,
TOWN OF WELSH - (LA),,,,,
TOWN OF WEST BOYLSTON - (MA),,,,,
TOWN OF WESTFIELD - (IA),,,,,
TOWN OF WHEATLAND - (WY),,,,,
TOWN OF WICKENBURG,,,,,
TOWN OF WILLIAMSPORT - (MD),,,,,
TOWN OF WINAMAC - (IN),,,,,
TOWN OF WINDSOR- (NC),,,,,
TOWN OF WINNSBORO - (SC),,,,,
TOWN OF WOLFEBORO - (NH),,,,,
"TRAVERSE ELECTRIC COOP, INC",,,,,
TRENTON MUNICIPAL UTILITIES - (MO),,,,,
TRICO ELECTRIC COOPERATIVE INC,,,,,
TRI-COUNTY ELEC MEMBER CORP (GA),,,,,
TRI-COUNTY ELEC MEMBER CORP (NC),,,,,
TRI-COUNTY ELEC MEMBER CORP (TN),,,,,
TRI-COUNTY ELECTRIC COOP (MI),,,,,
TRI-COUNTY ELECTRIC COOP ASSN (MO),,,,,
"TRI-COUNTY ELECTRIC COOP, INC (FL)",,,,,
"TRI-COUNTY ELECTRIC COOP, INC (IL)",,,,,
"TRI-COUNTY ELECTRIC COOP, INC (OK)",,,,,
"TRI-COUNTY ELECTRIC COOP, INC (SC)",,,,,
"TRI-COUNTY ELECTRIC COOP, INC (TX)",,,,,
TRI-COUNTY RURAL ELEC COOP INC (PA),,,,,
"TRICOUNTY RURAL ELEC COOP, INC",,,,,
TRINITY PUBLIC UTILITIES DIST,,,,,
TRINITY VALLEY ELEC COOP INC,,,,,
TRI-STATE ELECTRIC MEMBER CORP,,,,,
TRUCKEE DONNER P U D,,,,,
TRUMAN PUBLIC UTILITIES COMM,,,,,
TUCSON ELECTRIC POWER CO,,,,,
TULLAHOMA BOARD-PUBLIC UTILS,,,,,
TUNTUTULIAK COMM SERVICES ASSN,,,,,
TUOLUMNE COUNTY PUB POWER AGNY,,,,,
TURLOCK IRRIGATION DISTRICT,,,,,
TWIN COUNTY ELECTRIC PWR ASSN,,,,,
TWIN VALLEY ELECTRIC COOP INC,,,,,
TWIN VALLEYS PUBLIC POWER DIST,,,,,
TWO RIVERS WATER & LIGHT,,,,,
"UGI UTILITIES, INC",,,,,
UMATILLA ELECTRIC COOP ASSN,,,,,
UMPQUA INDIAN UTILITY COOPERATIVE,,,,,
UNALAKLEET VALLEY ELEC COOP,,,,,
UNION COUNTY ELECTRIC COOP INC,,,,,
UNION ELECTRIC CO - (MO),,,,,
UNION ELECTRIC MEMBERSHIP CORP - (NC),,,,,
"UNION RURAL ELECTRIC COOP, INC",,,,,
UNITED ELECTRIC COOP SERVICE INC - (TX),,,,,
"UNITED ELECTRIC CO-OP, INC - (ID)",,,,,
"UNITED ELECTRIC COOP, INC - (MO)",,,,,
"UNITED ELECTRIC COOP, INC - (PA)",,,,,
UNITED ILLUMINATING CO,,,,,
"UNITED POWER, INC",,,,,
UNITIL ENERGY SYSTEMS,,,,,
"UNS ELECTRIC, INC",,,,,
UPPER CUMBERLAND E M C,,,,,
UPPER MICHIGAN ENERGY RESOURCES CORP.,,,,,
UPPER PENINSULA POWER COMPANY,,,,,
UPSHUR RURAL ELEC COOP CORP,,,,,
UPSON ELEC MEMBER CORP,,,,,
USBIA-MISSION VALLEY POWER,,,,,
USBIA-SAN CARLOS PROJECT,,,,,
UTILITIES DIST-WESTERN IN REMC,,,,,
"UTILITY BOARD OF THE CITY OF KEY WEST, F",,,,,
"VALLEY ELECTRIC ASSN, INC",,,,,
VALLEY RURAL ELECTRIC COOP INC,,,,,
VAN BUREN LIGHT & POWER DIST,,,,,
VERA IRRIGATION DISTRICT #15,,,,,
VERDIGRIS VALLEY ELEC COOP INC,,,,,
VERENDRYE ELECTRIC COOP INC,,,,,
"VERMONT ELECTRIC COOPERATIVE, INC",,,,,
VERNON ELECTRIC COOP,,,,,
VERSANT POWER,,,,,
"VICTORIA ELECTRIC COOP, INC",,,,,
VICTORY ELECTRIC COOP ASSN INC,,,,,
"VIGILANTE ELECTRIC COOP, INC",,,,,
VILLAGE OF AKRON - (NY),,,,,
VILLAGE OF ANDOVER - (NY),,,,,
VILLAGE OF ANGELICA - (NY),,,,,
VILLAGE OF ARCADE - (NY),,,,,
VILLAGE OF ARCADIA - (OH),,,,,
VILLAGE OF ARNOLD - (NE),,,,,
VILLAGE OF BANGOR - (WI),,,,,
VILLAGE OF BARAGA - (MI),,,,,
VILLAGE OF BARTLEY - (NE),,,,,
VILLAGE OF BEACH CITY - (OH),,,,,
VILLAGE OF BELMONT - (WI),,,,,
VILLAGE OF BENTON - (WI),,,,,
VILLAGE OF BERGEN - (NY),,,,,
VILLAGE OF BETHANY - (IL),,,,,
VILLAGE OF BETHEL - (OH),,,,,
VILLAGE OF BLACK EARTH - (WI),,,,,
VILLAGE OF BLANCHESTER - (OH),,,,,
VILLAGE OF BLOOMDALE - (OH),,,,,
VILLAGE OF BOONVILLE - (NY),,,,,
VILLAGE OF BRADNER - (OH),,,,,
VILLAGE OF BRADSHAW - (NE),,,,,
VILLAGE OF BRAINARD - (NE),,,,,
VILLAGE OF BREWSTER - (OH),,,,,
VILLAGE OF BROCTON - (NY),,,,,
VILLAGE OF CADOTT - (WI),,,,,
VILLAGE OF CALLAWAY - (NE),,,,,
VILLAGE OF CAMPBELL - (NE),,,,,
VILLAGE OF CAREY - (OH),,,,,
VILLAGE OF CASHTON - (WI),,,,,
VILLAGE OF CASTILE - (NY),,,,,
VILLAGE OF CHATHAM - (IL),,,,,
VILLAGE OF CHELSEA - (MI),,,,,
VILLAGE OF CHESTER - (NE),,,,,
VILLAGE OF CHURCHVILLE - (NY),,,,,
VILLAGE OF CLINTON - (MI),,,,,
VILLAGE OF CYGNET - (OH),,,,,
VILLAGE OF DAGGETT - (MI),,,,,
VILLAGE OF DAVENPORT - (NE),,,,,
VILLAGE OF DE WITT - (NE),,,,,
VILLAGE OF DECATUR - (NE),,,,,
VILLAGE OF DESHLER - (OH),,,,,
VILLAGE OF DORCHESTER - (NE),,,,,
VILLAGE OF EDGERTON - (OH),,,,,
VILLAGE OF ELDORADO - (OH),,,,,
VILLAGE OF ELK CREEK - (NE),,,,,
VILLAGE OF ELMORE - (OH),,,,,
VILLAGE OF ENDICOTT - (NE),,,,,
VILLAGE OF ENDICOTT - (NY),,,,,
VILLAGE OF ENOSBURG FALLS - (VT),,,,,
VILLAGE OF FAIRMONT - (NE),,,,,
VILLAGE OF FAIRPORT - (NY),,,,,
VILLAGE OF FRANKFORT - (NY),,,,,
VILLAGE OF FREEBURG - (IL),,,,,
VILLAGE OF FREEPORT - (NY),,,,,
VILLAGE OF GENOA - (OH),,,,,
VILLAGE OF GEORGETOWN - (OH),,,,,
VILLAGE OF GLOUSTER - (OH),,,,,
VILLAGE OF GRAFTON - (OH),,,,,
VILLAGE OF GREEN ISLAND - (NY),,,,,
VILLAGE OF GREENE - (NY),,,,,
VILLAGE OF GREENPORT - (NY),,,,,
VILLAGE OF GREENUP - (IL),,,,,
VILLAGE OF GREENWICH - (OH),,,,,
VILLAGE OF GREENWOOD - (NE),,,,,
VILLAGE OF GRESHAM - (WI),,,,,
VILLAGE OF GROTON - (NY),,,,,
VILLAGE OF HAMERSVILLE - (OH),,,,,
VILLAGE OF HAMILTON - (NY),,,,,
VILLAGE OF HAMPTON - (NE),,,,,
VILLAGE OF HASKINS - (OH),,,,,
VILLAGE OF HAZEL GREEN - (WI),,,,,
VILLAGE OF HEMINGFORD - (NE),,,,,
VILLAGE OF HILDRETH - (NE),,,,,
VILLAGE OF HOLLEY - (NY),,,,,
VILLAGE OF HYDE PARK - (VT),,,,,
VILLAGE OF ILION - (NY),,,,,
VILLAGE OF JACKSON CENTER - (OH),,,,,
VILLAGE OF JACKSONVILLE - (VT),,,,,
VILLAGE OF JOHNSON - (VT),,,,,
VILLAGE OF LADD - (IL),,,,,
VILLAGE OF LAKEVIEW - (OH),,,,,
VILLAGE OF L'ANSE - (MI),,,,,
VILLAGE OF LITTLE VALLEY - (NY),,,,,
VILLAGE OF LODI - (OH),,,,,
VILLAGE OF LUCAS - (OH),,,,,
VILLAGE OF LUDLOW - (VT),,,,,
VILLAGE OF LYMAN - (NE),,,,,
VILLAGE OF LYNDONVILLE - (VT),,,,,
VILLAGE OF MARATHON - (NY),,,,,
VILLAGE OF MARSHALLVILLE - (OH),,,,,
VILLAGE OF MAYVILLE - (NY),,,,,
VILLAGE OF MAZOMANIE - (WI),,,,,
VILLAGE OF MERRILLAN - (WI),,,,,
VILLAGE OF MILAN - (OH),,,,,
VILLAGE OF MINSTER - (OH),,,,,
VILLAGE OF MONROEVILLE - (OH),,,,,
VILLAGE OF MONTPELIER - (OH),,,,,
VILLAGE OF MORRILL - (NE),,,,,
VILLAGE OF MORRISVILLE - (VT),,,,,
VILLAGE OF MT. HOREB - (WI),,,,,
VILLAGE OF MULLEN - (NE),,,,,
VILLAGE OF MUSCODA - (WI),,,,,
VILLAGE OF NEW BREMEN - (OH),,,,,
VILLAGE OF NEW GLARUS - (WI),,,,,
VILLAGE OF NEW KNOXVILLE - (OH),,,,,
VILLAGE OF NORTHFIELD - (VT),,,,,
VILLAGE OF OAK HARBOR - (OH),,,,,
VILLAGE OF OBETZ - (OH),,,,,
VILLAGE OF OHIO CITY - (OH),,,,,
VILLAGE OF ORLEANS - (VT),,,,,
VILLAGE OF OXFORD - (NE),,,,,
VILLAGE OF PARDEEVILLE - (WI),,,,,
VILLAGE OF PAW PAW - (MI),,,,,
VILLAGE OF PEMBERVILLE - (OH),,,,,
VILLAGE OF PENN YAN - (NY),,,,,
VILLAGE OF PHILADELPHIA - (NY),,,,,
VILLAGE OF PIONEER - (OH),,,,,
VILLAGE OF PLYMOUTH - (OH),,,,,
VILLAGE OF POLK - (NE),,,,,
VILLAGE OF PRAGUE - (NE),,,,,
VILLAGE OF PRAIRIE DU SAC - (WI),,,,,
VILLAGE OF RANTOUL - (IL),,,,,
VILLAGE OF REPUBLIC - (OH),,,,,
VILLAGE OF REYNOLDS - (NE),,,,,
VILLAGE OF RICHMONDVILLE - (NY),,,,,
VILLAGE OF RIPLEY - (OH),,,,,
VILLAGE OF RIVERTON - (IL),,,,,
VILLAGE OF ROCKVILLE CENTRE - (NY),,,,,
VILLAGE OF ROUSES POINT - (NY),,,,,
VILLAGE OF SAUK CITY - (WI),,,,,
VILLAGE OF SEBEWAING - (MI),,,,,
VILLAGE OF SHERBURNE - (NY),,,,,
VILLAGE OF SHICKLEY - (NE),,,,,
VILLAGE OF SHILOH - (OH),,,,,
VILLAGE OF SILVER SPRINGS - (NY),,,,,
VILLAGE OF SKANEATELES - (NY),,,,,
VILLAGE OF SOLVAY - (NY),,,,,
VILLAGE OF SPALDING - (NE),,,,,
VILLAGE OF SPENCERPORT - (NY),,,,,
VILLAGE OF SPRINGVILLE - (NY),,,,,
VILLAGE OF STRATFORD - (WI),,,,,
VILLAGE OF SWANTON - (VT),,,,,
VILLAGE OF SYCAMORE - (OH),,,,,
VILLAGE OF TALMAGE - (NE),,,,,
VILLAGE OF THERESA - (NY),,,,,
VILLAGE OF TONTOGANY - (OH),,,,,
VILLAGE OF TREMPEALEAU - (WI),,,,,
VILLAGE OF TUPPER LAKE - (NY),,,,,
VILLAGE OF UNION CITY - (MI),,,,,
VILLAGE OF VERSAILLES - (OH),,,,,
VILLAGE OF VIOLA - (WI),,,,,
VILLAGE OF WALTHILL - (NE),,,,,
VILLAGE OF WATKINS GLEN - (NY),,,,,
VILLAGE OF WAUNAKEE - (WI),,,,,
VILLAGE OF WAUNETA - (NE),,,,,
VILLAGE OF WAYNESFIELD - (OH),,,,,
VILLAGE OF WELLINGTON - (OH),,,,,
VILLAGE OF WELLSVILLE - (NY),,,,,
VILLAGE OF WESTFIELD - (NY),,,,,
VILLAGE OF WHARTON - (OH),,,,,
VILLAGE OF WILCOX - (NE),,,,,
VILLAGE OF WINNETKA - (IL),,,,,
VILLAGE OF WINSIDE - (NE),,,,,
VILLAGE OF WOODVILLE - (OH),,,,,
VILLAGE OF YELLOW SPRINGS - (OH),,,,,
VINTON PUBLIC POWER AUTHORITY,,,,,
VIRGIN ISLANDS WATER & POWER AUTHORITY,,,,,
VIRGINIA ELECTRIC & POWER CO,,,,,
VIRGINIA TECH ELECTRIC SERVICE,,,,,
VOLUNTEER ELECTRIC COOP,,,,,
WAGONER PUBLIC WORKS AUTHORITY,,,,,
WAKE ELECTRIC MEMBERSHIP CORP,,,,,
WALTERS PUBLIC WORKS AUTHORITY,,,,,
WALTON ELECTRIC MEMBER CORP,,,,,
WAPA-- WESTERN AREA POWER ADMINISTRATION,,,,,
WARREN COUNTY RURAL E M C,,,,,
WARREN ELECTRIC COOP INC,,,,,
WARREN RURAL ELEC COOP CORP,,,,,
"WASCO ELECTRIC COOP, INC",,,,,
WASHINGTON ELEC MEMBER CORP,,,,,
WASHINGTON ELECTRIC COOP - (OH),,,,,
WASHINGTON ELECTRIC COOP - (VT),,,,,
"WASHINGTON ISLAND EL COOP, INC",,,,,
"WASHINGTON-ST TAMMANY E C, INC",,,,,
WATERLOO LIGHT & WATER COMM,,,,,
WATERTOWN MUNICIPAL UTILITIES,,,,,
WAUPUN UTILITIES,,,,,
WAVERLY MUNICIPAL ELEC UTILITY,,,,,
WAYNE-WHITE COUNTIES ELEC COOP,,,,,
WEAKLEY COUNTY MUN ELEC SYS,,,,,
WEATHERFORD MUN UTILITY SYSTEM,,,,,
WEBSTER ELECTRIC COOP,,,,,
WELLS RURAL ELECTRIC CO,,,,,
WELLSBOROUGH ELECTRIC CO,,,,,
WELLTON-MOHAWK IRR & DRAIN DIST,,,,,
WEST CENTRAL ELECTRIC COOP INC - (MO),,,,,
WEST CENTRAL ELECTRIC COOP INC - (SD),,,,,
"WEST FLORIDA EL COOP ASSN, INC",,,,,
WEST KENTUCKY RURAL E C C,,,,,
WEST OREGON ELECTRIC COOP INC,,,,,
WEST PENN POWER COMPANY,,,,,
WEST POINT UTILITY SYSTEM,,,,,
WEST RIVER ELECTRIC ASSN INC,,,,,
WESTERN COOP ELECTRIC ASSN INC,,,,,
WESTERN ILLINOIS ELEC COOP,,,,,
WESTERN INDIANA ENERGY REMC,,,,,
WESTERN IOWA POWER COOP,,,,,
WESTFIELD ELECTRIC COMPANY,,,,,
"WHARTON COUNTY ELEC COOP, INC",,,,,
WHEAT BELT PUBLIC POWER DIST,,,,,
"WHEATLAND ELECTRIC COOP, INC",,,,,
"WHEATLAND RURAL ELEC ASSN, INC",,,,,
WHEELING POWER CO,,,,,
WHETSTONE VALLEY ELEC COOP INC,,,,,
"WHITE RIVER ELECTRIC ASSN, INC",,,,,
WHITE RIVER VALLEY EL COOP INC,,,,,
WHITEHALL ELECTRIC UTILITY,,,,,
WHITEWATER VALLEY RURAL EMC,,,,,
"WILD RICE ELECTRIC COOP, INC",,,,,
WILLIAMSTOWN UTILITY COMM,,,,,
WILLMAR MUNICIPAL UTILITIES,,,,,
WILLWOOD LIGHT & POWER COMPANY,,,,,
WINNER MUNICIPAL UTILITY,,,,,
"WIREGRASS ELECTRIC COOP, INC",,,,,
WISCONSIN DELLS ELECTRIC UTIL,,,,,
WISCONSIN ELECTRIC POWER CO,,,,,
WISCONSIN POWER & LIGHT CO,,,,,
WISCONSIN PUBLIC SERVICE CORP,,,,,
WISCONSIN RAPIDS W W & L COMM,,,,,
WISE ELECTRIC COOP INC,,,,,
WITHLACOOCHEE RIVER ELEC COOP,,,,,
WOLVERINE POWER SUPPLY COOP,,,,,
WONEWOC ELECTRIC & WATER UTIL,,,,,
"WOOD COUNTY ELECTRIC COOP, INC",,,,,
WOODBURY COUNTY RURAL E C A,,,,,
WOODRUFF ELECTRIC COOP CORP,,,,,
WPPI ENERGY,,,,,
WRIGHT-HENNEPIN COOP ELEC ASSN,,,,,
WYANDOTTE MUNICIPAL SERV COMM,,,,,
WYRULEC COMPANY,,,,,
YAMPA VALLEY ELECTRIC ASSN INC,,,,,
YAZOO VALLEY ELEC POWER ASSN,,,,,
YELLOWSTONE VALLEY ELEC CO-OP,,,,,
YORK ELECTRIC COOP INC,,,,,
Y-W ELECTRIC ASSN INC,,,,,
